{
    "hellfirepvp.astralsorcery.client.screen.container.ScreenContainerAltarRadiance": {
        "playerSideOnly": true,
        "buttonHints": {
            "SORT": {
                "horizontalOffset": -2,
                "bottom": -15
            },
            "SORT_COLUMNS": {
                "horizontalOffset": -2,
                "bottom": -15
            },
            "SORT_ROWS": {
                "horizontalOffset": -2,
                "bottom": -15
            }
        }
    },
    "hellfirepvp.astralsorcery.client.screen.container.ScreenContainerAltarConstellation": {
        "playerSideOnly": true,
        "buttonHints": {
            "SORT": {
                "horizontalOffset": -2,
                "bottom": -15
            },
            "SORT_COLUMNS": {
                "horizontalOffset": -2,
                "bottom": -15
            },
            "SORT_ROWS": {
                "horizontalOffset": -2,
                "bottom": -15
            }
        }
    },
    "hellfirepvp.astralsorcery.client.screen.container.ScreenContainerAltarAttunement": {
        "playerSideOnly": true,
        "buttonHints": {
            "SORT": {
                "horizontalOffset": -2,
                "bottom": -15
            },
            "SORT_COLUMNS": {
                "horizontalOffset": -2,
                "bottom": -15
            },
            "SORT_ROWS": {
                "horizontalOffset": -2,
                "bottom": -15
            }
        }
    },
    "hellfirepvp.astralsorcery.client.screen.container.ScreenContainerAltarDiscovery": {
        "ignore": true,
        "playerSideOnly": true
    }
}