{
    "net.minecraft.client.gui.screen.inventory.CreativeScreen": {
        "buttonHints": {
            "SHOW_EDITOR": {
                "horizontalOffset": 47,
                "top": -8
            }
        }
    },
    "net.minecraft.client.gui.screen.inventory.InventoryScreen": {
        "buttonHints": {
            "SHOW_EDITOR": {
                "horizontalOffset": 47,
                "top": -8
            }
        }
    },
    "net.minecraft.client.gui.screen.inventory.CraftingScreen": {
        "buttonHints": {
            "SHOW_EDITOR": {
                "horizontalOffset": 47,
                "top": -8
            }
        }
    },
    "net.minecraft.client.gui.screen.inventory.ChestScreen": {
        "buttonHints": {
            "SHOW_EDITOR": {
                "horizontalOffset": 47,
                "top": -8
            }
        }
    },
    "appeng.client.gui.me.items.ItemTerminalScreen": {
        "playerSideOnly": true,
        "buttonHints": {
            "SORT": {
                "horizontalOffset": 19
            },
            "SHOW_EDITOR": {
                "horizontalOffset": 47,
                "top": -8
            },
            "SORT_COLUMNS": {
                "horizontalOffset": 19
            },
            "SORT_ROWS": {
                "horizontalOffset": 19
            }
        }
    },
    "com.almostreliable.lazierae2.gui.MachineScreen": {
        "ignore": true
    },
    "shadows.apotheosis.village.fletching.FletchingScreen": {
        "ignore": true
    }
}