{
  "quality": {
    "cloud_quality": "DEFAULT",
    "weather_quality": "DEFAULT",
    "leaves_quality": "DEFAULT",
    "enable_vignette": true,
    "enable_clouds": false,
    "smooth_lighting": "HIGH"
  },
  "advanced": {
    "use_vertex_array_objects": true,
    "use_chunk_multidraw": true,
    "animate_only_visible_textures": true,
    "use_entity_culling": true,
    "use_particle_culling": true,
    "use_fog_occlusion": true,
    "use_compact_vertex_format": true,
    "use_block_face_culling": true,
    "allow_direct_memory_access": true,
    "ignore_driver_blacklist": false
  },
  "notifications": {
    "hide_donation_button": false
  }
}