{
  "mod_id": "draconicevolution",
  "base_files": [
    {
      "file_path": "structure/zh_cn/draconicevolution_dbd2b.md",
      "url": "http://pi.brandon3055.com/objects/bf/bf8757e5d1cbf505d932fe633efb2336bee106c1",
      "sha1": "bf8757e5d1cbf505d932fe633efb2336bee106c1"
    },
    {
      "file_path": "structure/structure.json",
      "url": "http://pi.brandon3055.com/objects/22/22b1a7406f6a05c83284dd6a1ed0b55af784b409",
      "sha1": "22b1a7406f6a05c83284dd6a1ed0b55af784b409"
    },
    {
      "file_path": "structure/en_us/draconicevolution_dbd2b.md",
      "url": "http://pi.brandon3055.com/objects/8b/8bb95198705e77fe325e665abee4c0ce51d4c1b0",
      "sha1": "8bb95198705e77fe325e665abee4c0ce51d4c1b0"
    },
    {
      "file_path": "structure/lang/zh_cn.json",
      "url": "http://pi.brandon3055.com/objects/0c/0c8700d360d3272133bea0b8f1457f339552fe6f",
      "sha1": "0c8700d360d3272133bea0b8f1457f339552fe6f"
    },
    {
      "file_path": "structure/lang/en_us.json",
      "url": "http://pi.brandon3055.com/objects/a8/a8958db9012864a3b63c0e974f06b8504b09ac7d",
      "sha1": "a8958db9012864a3b63c0e974f06b8504b09ac7d"
    },
    {
      "file_path": "structure/lang/ru_ru.json",
      "url": "http://pi.brandon3055.com/objects/ba/ba57c781657997e6de68b37ab55f3f8ab513896b",
      "sha1": "ba57c781657997e6de68b37ab55f3f8ab513896b"
    },
    {
      "file_path": "structure/ru_ru/draconicevolution_dbd2b.md",
      "url": "http://pi.brandon3055.com/objects/10/10248aa9a979433e84f9d788fc74b5fcdcaef9fb",
      "sha1": "10248aa9a979433e84f9d788fc74b5fcdcaef9fb"
    }
  ],
  "lang_files": [
    {
      "file_path": "zh_cn/entity_detector_62746.md",
      "url": "http://pi.brandon3055.com/objects/a6/a62734204f6f738b8dba4ce4bd630f29b371fa03",
      "sha1": "a62734204f6f738b8dba4ce4bd630f29b371fa03",
      "lang": "zh_cn"
    },
    {
      "file_path": "zh_cn/upgrade_system_a708d.md",
      "url": "http://pi.brandon3055.com/objects/0f/0f1eaa8f503585e7700f77f657a272c4993e19be",
      "sha1": "0f1eaa8f503585e7700f77f657a272c4993e19be",
      "lang": "zh_cn"
    },
    {
      "file_path": "zh_cn/wyvern_tools_26115.md",
      "url": "http://pi.brandon3055.com/objects/3b/3babb3a98f3f563f567d10f6f81bc19485a9ad91",
      "sha1": "3babb3a98f3f563f567d10f6f81bc19485a9ad91",
      "lang": "zh_cn"
    },
    {
      "file_path": "zh_cn/draconic_tools_ce5a3.md",
      "url": "http://pi.brandon3055.com/objects/8f/8f09ca1de4a01254b6dbc2d4dc4c645ea497677f",
      "sha1": "8f09ca1de4a01254b6dbc2d4dc4c645ea497677f",
      "lang": "zh_cn"
    },
    {
      "file_path": "zh_cn/fusion_crafting/fusion_crafting_injectors_26e3e.md",
      "url": "http://pi.brandon3055.com/objects/8c/8c7fc2f89dfb702213c5fa88a0478da28f458ef1",
      "sha1": "8c7fc2f89dfb702213c5fa88a0478da28f458ef1",
      "lang": "zh_cn"
    },
    {
      "file_path": "zh_cn/fusion_crafting/fusion_crafting_setup_84af7.md",
      "url": "http://pi.brandon3055.com/objects/7d/7d0720e8a1cc45aea380b47c1fbc91c62370d8d6",
      "sha1": "7d0720e8a1cc45aea380b47c1fbc91c62370d8d6",
      "lang": "zh_cn"
    },
    {
      "file_path": "zh_cn/mob_grinder_c25b0.md",
      "url": "http://pi.brandon3055.com/objects/bc/bcc64b46337f5e6754a5f9e60cd0339427e779f7",
      "sha1": "bcc64b46337f5e6754a5f9e60cd0339427e779f7",
      "lang": "zh_cn"
    },
    {
      "file_path": "zh_cn/test_page_4f9ac.md",
      "url": "http://pi.brandon3055.com/objects/9c/9c56944ee368567e7a163e4d93520f71063db66e",
      "sha1": "9c56944ee368567e7a163e4d93520f71063db66e",
      "lang": "zh_cn"
    },
    {
      "file_path": "zh_cn/energy_storage_core/energy_pylon_e75da.md",
      "url": "http://pi.brandon3055.com/objects/50/50734c61c7964be75bfd1595042bd2c04216e04c",
      "sha1": "50734c61c7964be75bfd1595042bd2c04216e04c",
      "lang": "zh_cn"
    },
    {
      "file_path": "zh_cn/energy_storage_core/energy_core_setup_7be5c.md",
      "url": "http://pi.brandon3055.com/objects/d5/d5116af305cbed9428681982ca00fbaf331f79b9",
      "sha1": "d5116af305cbed9428681982ca00fbaf331f79b9",
      "lang": "zh_cn"
    },
    {
      "file_path": "zh_cn/energy_storage_core/energy_core_stabilizer_dfaaa.md",
      "url": "http://pi.brandon3055.com/objects/bf/bf8be516809e00265672543a782230e0f3cdae35",
      "sha1": "bf8be516809e00265672543a782230e0f3cdae35",
      "lang": "zh_cn"
    },
    {
      "file_path": "zh_cn/energy_network/relay_crystals_2bf03.md",
      "url": "http://pi.brandon3055.com/objects/91/910815f15e0d456c46eef1d2dadcabc3547c63fe",
      "sha1": "910815f15e0d456c46eef1d2dadcabc3547c63fe",
      "lang": "zh_cn"
    },
    {
      "file_path": "zh_cn/energy_network/energy_io_crystals_5c5b0.md",
      "url": "http://pi.brandon3055.com/objects/42/42a6d05316de7f4be36c776fc7111f421406432d",
      "sha1": "42a6d05316de7f4be36c776fc7111f421406432d",
      "lang": "zh_cn"
    },
    {
      "file_path": "zh_cn/energy_network/wireless_crystals_29e8b.md",
      "url": "http://pi.brandon3055.com/objects/ba/ba8113dee6525404430c417a04af69507cf4f51b",
      "sha1": "ba8113dee6525404430c417a04af69507cf4f51b",
      "lang": "zh_cn"
    },
    {
      "file_path": "zh_cn/energy_network/the_basics_461cd.md",
      "url": "http://pi.brandon3055.com/objects/1f/1f50e9a98698d0e767addba8d50dffa634be3054",
      "sha1": "1f50e9a98698d0e767addba8d50dffa634be3054",
      "lang": "zh_cn"
    },
    {
      "file_path": "zh_cn/wyvern_armor_4e10b.md",
      "url": "http://pi.brandon3055.com/objects/ae/ae7f8a17a590833b3ed22b3b67e0f5b1c20cea02",
      "sha1": "ae7f8a17a590833b3ed22b3b67e0f5b1c20cea02",
      "lang": "zh_cn"
    },
    {
      "file_path": "zh_cn/draconium_8395a.md",
      "url": "http://pi.brandon3055.com/objects/f0/f0b3efc2ceebc12ebe7b451ee984e501c9e6c75f",
      "sha1": "f0b3efc2ceebc12ebe7b451ee984e501c9e6c75f",
      "lang": "zh_cn"
    },
    {
      "file_path": "zh_cn/potentiometer_7e259.md",
      "url": "http://pi.brandon3055.com/objects/59/5931fed3d2f0d57e510aa86625d2c392c0f8fa07",
      "sha1": "5931fed3d2f0d57e510aa86625d2c392c0f8fa07",
      "lang": "zh_cn"
    },
    {
      "file_path": "zh_cn/celestial_manipulator_55724.md",
      "url": "http://pi.brandon3055.com/objects/6d/6de33c6df35dd30cdedff1b3864407592feca019",
      "sha1": "6de33c6df35dd30cdedff1b3864407592feca019",
      "lang": "zh_cn"
    },
    {
      "file_path": "zh_cn/draconic_armor/draconic_chestplate_e14af.md",
      "url": "http://pi.brandon3055.com/objects/30/3045e8e2fcfaa29a89b79f745191aefd6ee23b64",
      "sha1": "3045e8e2fcfaa29a89b79f745191aefd6ee23b64",
      "lang": "zh_cn"
    },
    {
      "file_path": "zh_cn/draconic_armor/draconic_boots_53ead.md",
      "url": "http://pi.brandon3055.com/objects/76/769bfb4e93a495e4990e8451247bc46e1fef7932",
      "sha1": "769bfb4e93a495e4990e8451247bc46e1fef7932",
      "lang": "zh_cn"
    },
    {
      "file_path": "zh_cn/draconic_armor/draconic_helmet_54f52.md",
      "url": "http://pi.brandon3055.com/objects/b9/b9e14609e1dbcb00c7ac3349d897e551bad6fff9",
      "sha1": "b9e14609e1dbcb00c7ac3349d897e551bad6fff9",
      "lang": "zh_cn"
    },
    {
      "file_path": "zh_cn/draconic_armor/draconic_leggings_dc633.md",
      "url": "http://pi.brandon3055.com/objects/f5/f5a82f504cc2639b4b34f5acd064da64aefc7bf3",
      "sha1": "f5a82f504cc2639b4b34f5acd064da64aefc7bf3",
      "lang": "zh_cn"
    },
    {
      "file_path": "zh_cn/cores/wyvern_core_c2c0a.md",
      "url": "http://pi.brandon3055.com/objects/05/05431d023c59ebf486b796c3713e4bce23cf37ac",
      "sha1": "05431d023c59ebf486b796c3713e4bce23cf37ac",
      "lang": "zh_cn"
    },
    {
      "file_path": "zh_cn/cores/wyvern_energy_core_a2b4d.md",
      "url": "http://pi.brandon3055.com/objects/1a/1a647afe5830c04a36b887df0cf74e51b10623d9",
      "sha1": "1a647afe5830c04a36b887df0cf74e51b10623d9",
      "lang": "zh_cn"
    },
    {
      "file_path": "zh_cn/cores/draconic_energy_core_4f12f.md",
      "url": "http://pi.brandon3055.com/objects/d2/d2a2a287331be170de3c27dbf7d330c5e1bef702",
      "sha1": "d2a2a287331be170de3c27dbf7d330c5e1bef702",
      "lang": "zh_cn"
    },
    {
      "file_path": "zh_cn/cores/awakened_core_c847a.md",
      "url": "http://pi.brandon3055.com/objects/82/82cd708a2942914715cd8fa2c2dd6a09e05b3da0",
      "sha1": "82cd708a2942914715cd8fa2c2dd6a09e05b3da0",
      "lang": "zh_cn"
    },
    {
      "file_path": "zh_cn/cores/chaotic_core_10e66.md",
      "url": "http://pi.brandon3055.com/objects/7a/7afaca2c4bd15fb49f8508e52d187f9c0c85fa00",
      "sha1": "7afaca2c4bd15fb49f8508e52d187f9c0c85fa00",
      "lang": "zh_cn"
    },
    {
      "file_path": "zh_cn/cores/draconic_core_3cc88.md",
      "url": "http://pi.brandon3055.com/objects/3c/3c5b608196c30fd0880370d423067cb7c6d9eb02",
      "sha1": "3c5b608196c30fd0880370d423067cb7c6d9eb02",
      "lang": "zh_cn"
    },
    {
      "file_path": "zh_cn/cores_b46c6.md",
      "url": "http://pi.brandon3055.com/objects/25/2554482bf6ea47bae1b318bb49dfc6612c43f77d",
      "sha1": "2554482bf6ea47bae1b318bb49dfc6612c43f77d",
      "lang": "zh_cn"
    },
    {
      "file_path": "zh_cn/ender_energy_manipulator_3811c.md",
      "url": "http://pi.brandon3055.com/objects/1d/1d91f34010e41a670c229a2d13808c679df94319",
      "sha1": "1d91f34010e41a670c229a2d13808c679df94319",
      "lang": "zh_cn"
    },
    {
      "file_path": "zh_cn/dislocation/bound_dislocators_d4344.md",
      "url": "http://pi.brandon3055.com/objects/4f/4f0b2b0e1c378ae3d39d06c985069fb5db400b19",
      "sha1": "4f0b2b0e1c378ae3d39d06c985069fb5db400b19",
      "lang": "zh_cn"
    },
    {
      "file_path": "zh_cn/dislocation/awakened_item_dislocator_81c55.md",
      "url": "http://pi.brandon3055.com/objects/ef/efba4fd1faaea3edf74bd46f8365d9168adff2de",
      "sha1": "efba4fd1faaea3edf74bd46f8365d9168adff2de",
      "lang": "zh_cn"
    },
    {
      "file_path": "zh_cn/dislocation/dislocation_blocker_20e01.md",
      "url": "http://pi.brandon3055.com/objects/08/08a1efa3a2a272b78973b54f38c28cf122287425",
      "sha1": "08a1efa3a2a272b78973b54f38c28cf122287425",
      "lang": "zh_cn"
    },
    {
      "file_path": "zh_cn/dislocation/dislocator_81ef7.md",
      "url": "http://pi.brandon3055.com/objects/d8/d8ea478ce6feb27e43ce1cb928cecdf3f835c4cb",
      "sha1": "d8ea478ce6feb27e43ce1cb928cecdf3f835c4cb",
      "lang": "zh_cn"
    },
    {
      "file_path": "zh_cn/dislocation/dislocator_pedestal_40605.md",
      "url": "http://pi.brandon3055.com/objects/f0/f0b0be165443b0812f16fee39284c35c6c51f887",
      "sha1": "f0b0be165443b0812f16fee39284c35c6c51f887",
      "lang": "zh_cn"
    },
    {
      "file_path": "zh_cn/dislocation/dislocator_receptacle_8aad6.md",
      "url": "http://pi.brandon3055.com/objects/e5/e5915a6e4426180b1007e9ee7f8b4a62565ea02f",
      "sha1": "e5915a6e4426180b1007e9ee7f8b4a62565ea02f",
      "lang": "zh_cn"
    },
    {
      "file_path": "zh_cn/dislocation/item_dislocator_a286b.md",
      "url": "http://pi.brandon3055.com/objects/52/520cae5a58a3d04561d2ef293d0e88091e68676e",
      "sha1": "520cae5a58a3d04561d2ef293d0e88091e68676e",
      "lang": "zh_cn"
    },
    {
      "file_path": "zh_cn/dislocation/advanced_dislocator_aa59f.md",
      "url": "http://pi.brandon3055.com/objects/1e/1e538b433038d50193c109bbd1acad13fb6bd3c0",
      "sha1": "1e538b433038d50193c109bbd1acad13fb6bd3c0",
      "lang": "zh_cn"
    },
    {
      "file_path": "zh_cn/rain_sensor_92dae.md",
      "url": "http://pi.brandon3055.com/objects/a4/a4376aa377691fae30f333da3700eb21c3215769",
      "sha1": "a4376aa377691fae30f333da3700eb21c3215769",
      "lang": "zh_cn"
    },
    {
      "file_path": "zh_cn/dislocation_6d4cb.md",
      "url": "http://pi.brandon3055.com/objects/a8/a80a574ec9c2198e11fe3369ba7cd60ecc9b3abd",
      "sha1": "a80a574ec9c2198e11fe3369ba7cd60ecc9b3abd",
      "lang": "zh_cn"
    },
    {
      "file_path": "zh_cn/generator_cc462.md",
      "url": "http://pi.brandon3055.com/objects/69/698a6f754dc1904eb1f2ac437b01c4005d0b6481",
      "sha1": "698a6f754dc1904eb1f2ac437b01c4005d0b6481",
      "lang": "zh_cn"
    },
    {
      "file_path": "zh_cn/energy_network_cbb72.md",
      "url": "http://pi.brandon3055.com/objects/99/9925dec07836d5dc1357310ae6995b78e0427b2a",
      "sha1": "9925dec07836d5dc1357310ae6995b78e0427b2a",
      "lang": "zh_cn"
    },
    {
      "file_path": "zh_cn/stabilized_spawner_4e561.md",
      "url": "http://pi.brandon3055.com/objects/95/95e8e22698df0163438d1cc5d9de3a5d3063845f",
      "sha1": "95e8e22698df0163438d1cc5d9de3a5d3063845f",
      "lang": "zh_cn"
    },
    {
      "file_path": "zh_cn/draconic_energy_shield_4ef7c.md",
      "url": "http://pi.brandon3055.com/objects/f1/f1bbf1e45060415682f8de67cc1eab76319baae7",
      "sha1": "f1bbf1e45060415682f8de67cc1eab76319baae7",
      "lang": "zh_cn"
    },
    {
      "file_path": "zh_cn/flow_gates_92a90.md",
      "url": "http://pi.brandon3055.com/objects/cd/cd126dde0b0fd7d4c51500e1fac6cc15f4ea126d",
      "sha1": "cd126dde0b0fd7d4c51500e1fac6cc15f4ea126d",
      "lang": "zh_cn"
    },
    {
      "file_path": "zh_cn/energy_storage_core_7665b.md",
      "url": "http://pi.brandon3055.com/objects/9e/9ef5d8dc254cbd6a0c9634dda94e9d7407ce6a5c",
      "sha1": "9ef5d8dc254cbd6a0c9634dda94e9d7407ce6a5c",
      "lang": "zh_cn"
    },
    {
      "file_path": "zh_cn/draconium_chest_1c184.md",
      "url": "http://pi.brandon3055.com/objects/11/11e03656ad876843509e86c7288e03316308595d",
      "sha1": "11e03656ad876843509e86c7288e03316308595d",
      "lang": "zh_cn"
    },
    {
      "file_path": "zh_cn/awakened_draconium_5f7da.md",
      "url": "http://pi.brandon3055.com/objects/46/46b94591d1b726e90a57a74a461a776db6d3d9b7",
      "sha1": "46b94591d1b726e90a57a74a461a776db6d3d9b7",
      "lang": "zh_cn"
    },
    {
      "file_path": "zh_cn/draconium/draconium_dust_a564f.md",
      "url": "http://pi.brandon3055.com/objects/b3/b3accade75d34e8e91e363988fe36ccf7caca2c0",
      "sha1": "b3accade75d34e8e91e363988fe36ccf7caca2c0",
      "lang": "zh_cn"
    },
    {
      "file_path": "zh_cn/draconium/draconium_ore_87f4d.md",
      "url": "http://pi.brandon3055.com/objects/27/2768e3079b4a29681746e77acca142f88fceb9d8",
      "sha1": "2768e3079b4a29681746e77acca142f88fceb9d8",
      "lang": "zh_cn"
    },
    {
      "file_path": "zh_cn/draconium/draconium_block_4058e.md",
      "url": "http://pi.brandon3055.com/objects/94/9423ffee1ba147a927ce6756735f1c442409d7da",
      "sha1": "9423ffee1ba147a927ce6756735f1c442409d7da",
      "lang": "zh_cn"
    },
    {
      "file_path": "zh_cn/wyvern_tools/wyvern_pickaxe_97459.md",
      "url": "http://pi.brandon3055.com/objects/cb/cb82eef908fe6a20b4cd218353584ff35faf16be",
      "sha1": "cb82eef908fe6a20b4cd218353584ff35faf16be",
      "lang": "zh_cn"
    },
    {
      "file_path": "zh_cn/wyvern_tools/wyvern_axe_11dbd.md",
      "url": "http://pi.brandon3055.com/objects/4d/4d52c2d020d773d889157a301e42a0e4485a4ebd",
      "sha1": "4d52c2d020d773d889157a301e42a0e4485a4ebd",
      "lang": "zh_cn"
    },
    {
      "file_path": "zh_cn/wyvern_tools/wyvern_shovel_9dbf8.md",
      "url": "http://pi.brandon3055.com/objects/f4/f4d1ac461ccb9a4e61081faf2dc0f2b45b2159ba",
      "sha1": "f4d1ac461ccb9a4e61081faf2dc0f2b45b2159ba",
      "lang": "zh_cn"
    },
    {
      "file_path": "zh_cn/wyvern_tools/wyvern_flux_capacitor_f3f1c.md",
      "url": "http://pi.brandon3055.com/objects/99/99d763748aa545337bdd3a10b8b548dba58be352",
      "sha1": "99d763748aa545337bdd3a10b8b548dba58be352",
      "lang": "zh_cn"
    },
    {
      "file_path": "zh_cn/wyvern_tools/wyvern_bow_e17dc.md",
      "url": "http://pi.brandon3055.com/objects/f2/f2f388ce6d909b6f534587a3ee0e4a6aa11bde9a",
      "sha1": "f2f388ce6d909b6f534587a3ee0e4a6aa11bde9a",
      "lang": "zh_cn"
    },
    {
      "file_path": "zh_cn/wyvern_tools/wyvern_sword_dc96b.md",
      "url": "http://pi.brandon3055.com/objects/eb/ebeb1bc8449e1f14eaf02f56087358ce1492a15a",
      "sha1": "ebeb1bc8449e1f14eaf02f56087358ce1492a15a",
      "lang": "zh_cn"
    },
    {
      "file_path": "zh_cn/fusion_crafting_93212.md",
      "url": "http://pi.brandon3055.com/objects/62/62f98e2f083e7da911538a0605066804d380a49a",
      "sha1": "62f98e2f083e7da911538a0605066804d380a49a",
      "lang": "zh_cn"
    },
    {
      "file_path": "zh_cn/wyvern_armor/wyvern_chestplate_472d6.md",
      "url": "http://pi.brandon3055.com/objects/56/56f3bf543499586a9e43af34238f40728d15f021",
      "sha1": "56f3bf543499586a9e43af34238f40728d15f021",
      "lang": "zh_cn"
    },
    {
      "file_path": "zh_cn/wyvern_armor/wyvern_leggings_2b410.md",
      "url": "http://pi.brandon3055.com/objects/c1/c1668f9e3e4680243756f7531ab73334ebb4d852",
      "sha1": "c1668f9e3e4680243756f7531ab73334ebb4d852",
      "lang": "zh_cn"
    },
    {
      "file_path": "zh_cn/wyvern_armor/wyvern_boots_9d888.md",
      "url": "http://pi.brandon3055.com/objects/7b/7b19c8bb134bb22413a5b0c4e4f2e6a6cf75e45b",
      "sha1": "7b19c8bb134bb22413a5b0c4e4f2e6a6cf75e45b",
      "lang": "zh_cn"
    },
    {
      "file_path": "zh_cn/wyvern_armor/wyvern_helmet_60559.md",
      "url": "http://pi.brandon3055.com/objects/c1/c1f89f6b67b743f21d019c8cd3f5413075c7f67d",
      "sha1": "c1f89f6b67b743f21d019c8cd3f5413075c7f67d",
      "lang": "zh_cn"
    },
    {
      "file_path": "zh_cn/spotlights_65054.md",
      "url": "http://pi.brandon3055.com/objects/1e/1e3d46936ce2da90b18335b99d9a3242ee870341",
      "sha1": "1e3d46936ce2da90b18335b99d9a3242ee870341",
      "lang": "zh_cn"
    },
    {
      "file_path": "zh_cn/draconic_reactor/reactor_explosion_8a46b.md",
      "url": "http://pi.brandon3055.com/objects/39/39806f6582030a86435a7631b1ede949d532d806",
      "sha1": "39806f6582030a86435a7631b1ede949d532d806",
      "lang": "zh_cn"
    },
    {
      "file_path": "zh_cn/draconic_reactor/basic_operation_909db.md",
      "url": "http://pi.brandon3055.com/objects/81/819bd626b034401af8253fdb3d6889101c0ebf15",
      "sha1": "819bd626b034401af8253fdb3d6889101c0ebf15",
      "lang": "zh_cn"
    },
    {
      "file_path": "zh_cn/draconic_reactor/regulation_and_safety_24690.md",
      "url": "http://pi.brandon3055.com/objects/3b/3b97a3b70154780e504faf8f3ffa4e08c0a586f8",
      "sha1": "3b97a3b70154780e504faf8f3ffa4e08c0a586f8",
      "lang": "zh_cn"
    },
    {
      "file_path": "zh_cn/draconic_tools/draconic_staff_of_power_31983.md",
      "url": "http://pi.brandon3055.com/objects/93/93e6ae3d99525c3f46b54b024450cf9d8ac4eba5",
      "sha1": "93e6ae3d99525c3f46b54b024450cf9d8ac4eba5",
      "lang": "zh_cn"
    },
    {
      "file_path": "zh_cn/draconic_tools/draconic_sword_f9c8f.md",
      "url": "http://pi.brandon3055.com/objects/8c/8cac014f0d55772422229d0fea59995bc54c67ca",
      "sha1": "8cac014f0d55772422229d0fea59995bc54c67ca",
      "lang": "zh_cn"
    },
    {
      "file_path": "zh_cn/draconic_tools/draconic_shovel_26bf1.md",
      "url": "http://pi.brandon3055.com/objects/91/91238a5b45c2bb81da4d776013a77d05aed12472",
      "sha1": "91238a5b45c2bb81da4d776013a77d05aed12472",
      "lang": "zh_cn"
    },
    {
      "file_path": "zh_cn/draconic_tools/draconic_bow_a8440.md",
      "url": "http://pi.brandon3055.com/objects/44/447b51e53ed1e003da8c9972b8ef920574f2059f",
      "sha1": "447b51e53ed1e003da8c9972b8ef920574f2059f",
      "lang": "zh_cn"
    },
    {
      "file_path": "zh_cn/draconic_tools/draconic_hoe_21b89.md",
      "url": "http://pi.brandon3055.com/objects/5c/5c5b54dcbcd9757618f5ecfa778a86227b8512ca",
      "sha1": "5c5b54dcbcd9757618f5ecfa778a86227b8512ca",
      "lang": "zh_cn"
    },
    {
      "file_path": "zh_cn/draconic_tools/draconic_axe_bcd5b.md",
      "url": "http://pi.brandon3055.com/objects/26/26749f17fb629e4a67d27aeeb6b805d253029831",
      "sha1": "26749f17fb629e4a67d27aeeb6b805d253029831",
      "lang": "zh_cn"
    },
    {
      "file_path": "zh_cn/draconic_tools/draconic_flux_capacitor_5685f.md",
      "url": "http://pi.brandon3055.com/objects/03/0369b12307710ad589f3b3ba16a1f0b9a176bbb9",
      "sha1": "0369b12307710ad589f3b3ba16a1f0b9a176bbb9",
      "lang": "zh_cn"
    },
    {
      "file_path": "zh_cn/draconic_tools/draconic_pickaxe_5380c.md",
      "url": "http://pi.brandon3055.com/objects/df/df536c886468f1a1057423c290bb104dc35367ec",
      "sha1": "df536c886468f1a1057423c290bb104dc35367ec",
      "lang": "zh_cn"
    },
    {
      "file_path": "zh_cn/mob_soul_749d7.md",
      "url": "http://pi.brandon3055.com/objects/89/8956b93c067dc5603280f8d62bcaf6e93624b2bb",
      "sha1": "8956b93c067dc5603280f8d62bcaf6e93624b2bb",
      "lang": "zh_cn"
    },
    {
      "file_path": "zh_cn/draconic_reactor_b98b3.md",
      "url": "http://pi.brandon3055.com/objects/f3/f3aa185bfedfaae2ce39bd27c749421cd0c3cf4c",
      "sha1": "f3aa185bfedfaae2ce39bd27c749421cd0c3cf4c",
      "lang": "zh_cn"
    },
    {
      "file_path": "zh_cn/draconic_armor_a7ed0.md",
      "url": "http://pi.brandon3055.com/objects/a9/a9971eb5881dd8da944db5d8433f3565a00f398e",
      "sha1": "a9971eb5881dd8da944db5d8433f3565a00f398e",
      "lang": "zh_cn"
    },
    {
      "file_path": "zh_cn/contributors_14e32.md",
      "url": "http://pi.brandon3055.com/objects/95/9539ba667c85005e940817346927754aa434037b",
      "sha1": "9539ba667c85005e940817346927754aa434037b",
      "lang": "zh_cn"
    },
    {
      "file_path": "zh_cn/chaos_guardian_4c4fd.md",
      "url": "http://pi.brandon3055.com/objects/25/2521b072774c8fddf1955bb1f6502877b7209192",
      "sha1": "2521b072774c8fddf1955bb1f6502877b7209192",
      "lang": "zh_cn"
    },
    {
      "file_path": "zh_cn/energy_infuser_5b44a.md",
      "url": "http://pi.brandon3055.com/objects/54/5491aa57aff4f9058a64633109e6bdb5a8d3f69a",
      "sha1": "5491aa57aff4f9058a64633109e6bdb5a8d3f69a",
      "lang": "zh_cn"
    },
    {
      "file_path": "zh_cn/disenchanter_3606d.md",
      "url": "http://pi.brandon3055.com/objects/67/672f24b8b787b7366b3ab385c1b77dcd196d72fe",
      "sha1": "672f24b8b787b7366b3ab385c1b77dcd196d72fe",
      "lang": "zh_cn"
    },
    {
      "file_path": "zh_cn/awakened_draconium/dragon_heart_2caa6.md",
      "url": "http://pi.brandon3055.com/objects/4a/4aa2cd48adca476e101d020a298637287df46168",
      "sha1": "4aa2cd48adca476e101d020a298637287df46168",
      "lang": "zh_cn"
    },
    {
      "file_path": "en_us/entity_detector_62746.md",
      "url": "http://pi.brandon3055.com/objects/7d/7d3c1d5effd3f44b80b59f9ad5c0405cfe934c83",
      "sha1": "7d3c1d5effd3f44b80b59f9ad5c0405cfe934c83",
      "lang": "en_us"
    },
    {
      "file_path": "en_us/wyvern_tools_26115.md",
      "url": "http://pi.brandon3055.com/objects/36/3658ee077c02f753709158ae860defc3afd84b47",
      "sha1": "3658ee077c02f753709158ae860defc3afd84b47",
      "lang": "en_us"
    },
    {
      "file_path": "en_us/draconic_tools_ce5a3.md",
      "url": "http://pi.brandon3055.com/objects/0b/0b7b34492d06f6eede820e29598bc151652ce0e0",
      "sha1": "0b7b34492d06f6eede820e29598bc151652ce0e0",
      "lang": "en_us"
    },
    {
      "file_path": "en_us/fusion_crafting/fusion_crafting_injectors_26e3e.md",
      "url": "http://pi.brandon3055.com/objects/5a/5ab894c87ebac512a1e2537b1404eb49cffc3397",
      "sha1": "5ab894c87ebac512a1e2537b1404eb49cffc3397",
      "lang": "en_us"
    },
    {
      "file_path": "en_us/fusion_crafting/fusion_crafting_setup_84af7.md",
      "url": "http://pi.brandon3055.com/objects/99/99a8c39205d5b51d30539ffb84780751ac801310",
      "sha1": "99a8c39205d5b51d30539ffb84780751ac801310",
      "lang": "en_us"
    },
    {
      "file_path": "en_us/mob_grinder_c25b0.md",
      "url": "http://pi.brandon3055.com/objects/38/38ec77d0de8a41962a6d0b95fb579fbdfd56b169",
      "sha1": "38ec77d0de8a41962a6d0b95fb579fbdfd56b169",
      "lang": "en_us"
    },
    {
      "file_path": "en_us/test_page_4f9ac.md",
      "url": "http://pi.brandon3055.com/objects/1c/1ce1b21e68f24fe488b08f72cd761ff6a952f825",
      "sha1": "1ce1b21e68f24fe488b08f72cd761ff6a952f825",
      "lang": "en_us"
    },
    {
      "file_path": "en_us/energy_storage_core/energy_pylon_e75da.md",
      "url": "http://pi.brandon3055.com/objects/3b/3b76b0d7e59fedf95849dfd5d193d77af4105f12",
      "sha1": "3b76b0d7e59fedf95849dfd5d193d77af4105f12",
      "lang": "en_us"
    },
    {
      "file_path": "en_us/energy_storage_core/energy_core_setup_7be5c.md",
      "url": "http://pi.brandon3055.com/objects/08/08ee925a01d913a428d26a79a181f274b9a3d5f5",
      "sha1": "08ee925a01d913a428d26a79a181f274b9a3d5f5",
      "lang": "en_us"
    },
    {
      "file_path": "en_us/energy_storage_core/energy_core_stabilizer_dfaaa.md",
      "url": "http://pi.brandon3055.com/objects/42/42ca833b270ce9f8e3f76ffe5b21bcb4589ccee0",
      "sha1": "42ca833b270ce9f8e3f76ffe5b21bcb4589ccee0",
      "lang": "en_us"
    },
    {
      "file_path": "en_us/energy_network/relay_crystals_2bf03.md",
      "url": "http://pi.brandon3055.com/objects/d4/d4a28413c34efcf25a59bf0602d4cb977edbef99",
      "sha1": "d4a28413c34efcf25a59bf0602d4cb977edbef99",
      "lang": "en_us"
    },
    {
      "file_path": "en_us/energy_network/energy_io_crystals_5c5b0.md",
      "url": "http://pi.brandon3055.com/objects/9e/9e66c78cc9b82de1f9fb7c20e03cc876f8657747",
      "sha1": "9e66c78cc9b82de1f9fb7c20e03cc876f8657747",
      "lang": "en_us"
    },
    {
      "file_path": "en_us/energy_network/wireless_crystals_29e8b.md",
      "url": "http://pi.brandon3055.com/objects/b4/b49430f76d0f80ef3453d1e0ac61a9f213fe2c3c",
      "sha1": "b49430f76d0f80ef3453d1e0ac61a9f213fe2c3c",
      "lang": "en_us"
    },
    {
      "file_path": "en_us/energy_network/the_basics_461cd.md",
      "url": "http://pi.brandon3055.com/objects/00/004b677a5eef5ea2764263d47ca00b24c5f3bb5a",
      "sha1": "004b677a5eef5ea2764263d47ca00b24c5f3bb5a",
      "lang": "en_us"
    },
    {
      "file_path": "en_us/wyvern_armor_4e10b.md",
      "url": "http://pi.brandon3055.com/objects/73/731a2f3197639d28aae662f85b473f5eb2787737",
      "sha1": "731a2f3197639d28aae662f85b473f5eb2787737",
      "lang": "en_us"
    },
    {
      "file_path": "en_us/draconium_8395a.md",
      "url": "http://pi.brandon3055.com/objects/d3/d3a222e74c445001956c4094f44fe3db79a3dfb5",
      "sha1": "d3a222e74c445001956c4094f44fe3db79a3dfb5",
      "lang": "en_us"
    },
    {
      "file_path": "en_us/potentiometer_7e259.md",
      "url": "http://pi.brandon3055.com/objects/0d/0d3ef5af43cc310a40f9a2f2cdd4d651ab89354d",
      "sha1": "0d3ef5af43cc310a40f9a2f2cdd4d651ab89354d",
      "lang": "en_us"
    },
    {
      "file_path": "en_us/modular_tools/staff_of_power_c844f.md",
      "url": "http://pi.brandon3055.com/objects/97/97e0f6605f4000892f8ff4f7d4f0902a4ce5f4d2",
      "sha1": "97e0f6605f4000892f8ff4f7d4f0902a4ce5f4d2",
      "lang": "en_us"
    },
    {
      "file_path": "en_us/modular_tools/capacitor_fb1b7.md",
      "url": "http://pi.brandon3055.com/objects/94/94b0b515857a21232ce044fecbe18ccc3f3e4b1d",
      "sha1": "94b0b515857a21232ce044fecbe18ccc3f3e4b1d",
      "lang": "en_us"
    },
    {
      "file_path": "en_us/modular_tools/sword_214c2.md",
      "url": "http://pi.brandon3055.com/objects/69/69413c1903b3200cbabe00ba76dfc1d164f5f5d6",
      "sha1": "69413c1903b3200cbabe00ba76dfc1d164f5f5d6",
      "lang": "en_us"
    },
    {
      "file_path": "en_us/modular_tools/hoe_ce6e2.md",
      "url": "http://pi.brandon3055.com/objects/3c/3cb1806c6c29fd0589653b154d171ea3018a323f",
      "sha1": "3cb1806c6c29fd0589653b154d171ea3018a323f",
      "lang": "en_us"
    },
    {
      "file_path": "en_us/modular_tools/shovel_55fdf.md",
      "url": "http://pi.brandon3055.com/objects/a7/a7e513f82ff3f1307611d6e24372dbbd8eedea1d",
      "sha1": "a7e513f82ff3f1307611d6e24372dbbd8eedea1d",
      "lang": "en_us"
    },
    {
      "file_path": "en_us/modular_tools/pickaxe_2741d.md",
      "url": "http://pi.brandon3055.com/objects/b4/b4cb9ceb91f8f5a46f0b610ea9c01842d85b58b1",
      "sha1": "b4cb9ceb91f8f5a46f0b610ea9c01842d85b58b1",
      "lang": "en_us"
    },
    {
      "file_path": "en_us/modular_tools/axe_1ee60.md",
      "url": "http://pi.brandon3055.com/objects/04/0468b90765d76cac35778b0593d7a4106bd3bda7",
      "sha1": "0468b90765d76cac35778b0593d7a4106bd3bda7",
      "lang": "en_us"
    },
    {
      "file_path": "en_us/modular_tools/bow_88b6a.md",
      "url": "http://pi.brandon3055.com/objects/40/40d1333b48e8afb2ef07c6eeed57c5f63692c1ab",
      "sha1": "40d1333b48e8afb2ef07c6eeed57c5f63692c1ab",
      "lang": "en_us"
    },
    {
      "file_path": "en_us/celestial_manipulator_55724.md",
      "url": "http://pi.brandon3055.com/objects/25/253bec1e60cc8a60439602fcc65ad3c1bb02fd5f",
      "sha1": "253bec1e60cc8a60439602fcc65ad3c1bb02fd5f",
      "lang": "en_us"
    },
    {
      "file_path": "en_us/draconic_armor/draconic_chestplate_e14af.md",
      "url": "http://pi.brandon3055.com/objects/d5/d5889c0694e7e2cc9e42731c75d2c53f9f423d47",
      "sha1": "d5889c0694e7e2cc9e42731c75d2c53f9f423d47",
      "lang": "en_us"
    },
    {
      "file_path": "en_us/draconic_armor/draconic_boots_53ead.md",
      "url": "http://pi.brandon3055.com/objects/3f/3fe019e799a64f78ecc183491f191c97ca211fc9",
      "sha1": "3fe019e799a64f78ecc183491f191c97ca211fc9",
      "lang": "en_us"
    },
    {
      "file_path": "en_us/draconic_armor/draconic_helmet_54f52.md",
      "url": "http://pi.brandon3055.com/objects/86/8658b68eaf4f16713abd917852b9dc64dc01f772",
      "sha1": "8658b68eaf4f16713abd917852b9dc64dc01f772",
      "lang": "en_us"
    },
    {
      "file_path": "en_us/draconic_armor/draconic_leggings_dc633.md",
      "url": "http://pi.brandon3055.com/objects/4e/4e7372713c771cee8d425f9befd11f58bdd0a821",
      "sha1": "4e7372713c771cee8d425f9befd11f58bdd0a821",
      "lang": "en_us"
    },
    {
      "file_path": "en_us/cores/wyvern_core_c2c0a.md",
      "url": "http://pi.brandon3055.com/objects/16/16f886ffb7a64e849627b11edb33f570bf04be50",
      "sha1": "16f886ffb7a64e849627b11edb33f570bf04be50",
      "lang": "en_us"
    },
    {
      "file_path": "en_us/cores/wyvern_energy_core_a2b4d.md",
      "url": "http://pi.brandon3055.com/objects/eb/eb9d8eede2758745b3fadcbfec3b2259f3da8804",
      "sha1": "eb9d8eede2758745b3fadcbfec3b2259f3da8804",
      "lang": "en_us"
    },
    {
      "file_path": "en_us/cores/draconic_energy_core_4f12f.md",
      "url": "http://pi.brandon3055.com/objects/b2/b2a61fc20764994a4679453195280a807b5bb485",
      "sha1": "b2a61fc20764994a4679453195280a807b5bb485",
      "lang": "en_us"
    },
    {
      "file_path": "en_us/cores/awakened_core_c847a.md",
      "url": "http://pi.brandon3055.com/objects/19/199b4fb45d6c6203783668344398e35e86844127",
      "sha1": "199b4fb45d6c6203783668344398e35e86844127",
      "lang": "en_us"
    },
    {
      "file_path": "en_us/cores/chaotic_core_10e66.md",
      "url": "http://pi.brandon3055.com/objects/ef/ef51fbdf47617e6ae5fdd2227d0620f3d777e26f",
      "sha1": "ef51fbdf47617e6ae5fdd2227d0620f3d777e26f",
      "lang": "en_us"
    },
    {
      "file_path": "en_us/cores/draconic_core_3cc88.md",
      "url": "http://pi.brandon3055.com/objects/13/135125a35bfabed4c98d54419dccc433417f8190",
      "sha1": "135125a35bfabed4c98d54419dccc433417f8190",
      "lang": "en_us"
    },
    {
      "file_path": "en_us/cores_b46c6.md",
      "url": "http://pi.brandon3055.com/objects/9d/9d3e61ad94726946c978e1379e82d112fec044aa",
      "sha1": "9d3e61ad94726946c978e1379e82d112fec044aa",
      "lang": "en_us"
    },
    {
      "file_path": "en_us/ender_energy_manipulator_3811c.md",
      "url": "http://pi.brandon3055.com/objects/69/697e279b1ff6862bc4f10dffadbba3ef66b95954",
      "sha1": "697e279b1ff6862bc4f10dffadbba3ef66b95954",
      "lang": "en_us"
    },
    {
      "file_path": "en_us/dislocation/bound_dislocators_d4344.md",
      "url": "http://pi.brandon3055.com/objects/4e/4ed3dc37fc3c530eb45d13bb00f8513751083b73",
      "sha1": "4ed3dc37fc3c530eb45d13bb00f8513751083b73",
      "lang": "en_us"
    },
    {
      "file_path": "en_us/dislocation/awakened_item_dislocator_81c55.md",
      "url": "http://pi.brandon3055.com/objects/7c/7ce0d6756a58e92ceffca0c4dd5be9b7f1a54297",
      "sha1": "7ce0d6756a58e92ceffca0c4dd5be9b7f1a54297",
      "lang": "en_us"
    },
    {
      "file_path": "en_us/dislocation/dislocation_blocker_20e01.md",
      "url": "http://pi.brandon3055.com/objects/2c/2cb78d2da0b3ac1b812e2ebacc770446a6266e59",
      "sha1": "2cb78d2da0b3ac1b812e2ebacc770446a6266e59",
      "lang": "en_us"
    },
    {
      "file_path": "en_us/dislocation/dislocator_81ef7.md",
      "url": "http://pi.brandon3055.com/objects/16/1621c7c325eae29169cfefda5c0be246dd003904",
      "sha1": "1621c7c325eae29169cfefda5c0be246dd003904",
      "lang": "en_us"
    },
    {
      "file_path": "en_us/dislocation/dislocator_pedestal_40605.md",
      "url": "http://pi.brandon3055.com/objects/7b/7bb4e79bafa47a278908df2cbcad923e92ddc2f2",
      "sha1": "7bb4e79bafa47a278908df2cbcad923e92ddc2f2",
      "lang": "en_us"
    },
    {
      "file_path": "en_us/dislocation/power_portals_2a601.md",
      "url": "http://pi.brandon3055.com/objects/35/352b53f491e8c8948670a90a7cd578877a7c0906",
      "sha1": "352b53f491e8c8948670a90a7cd578877a7c0906",
      "lang": "en_us"
    },
    {
      "file_path": "en_us/dislocation/dislocator_receptacle_8aad6.md",
      "url": "http://pi.brandon3055.com/objects/b5/b5a50ac90b0030bb0550bef8ce43f175bd7686d1",
      "sha1": "b5a50ac90b0030bb0550bef8ce43f175bd7686d1",
      "lang": "en_us"
    },
    {
      "file_path": "en_us/dislocation/item_dislocator_a286b.md",
      "url": "http://pi.brandon3055.com/objects/25/25f1c59cf0adfccffb5da27c5abf50a62396751e",
      "sha1": "25f1c59cf0adfccffb5da27c5abf50a62396751e",
      "lang": "en_us"
    },
    {
      "file_path": "en_us/dislocation/advanced_dislocator_aa59f.md",
      "url": "http://pi.brandon3055.com/objects/10/10daaf95df7d9a0ab81b6bc7a510b168e6752308",
      "sha1": "10daaf95df7d9a0ab81b6bc7a510b168e6752308",
      "lang": "en_us"
    },
    {
      "file_path": "en_us/rain_sensor_92dae.md",
      "url": "http://pi.brandon3055.com/objects/9c/9c6078511560876d7ef4dfd8bf3e129d15430ec8",
      "sha1": "9c6078511560876d7ef4dfd8bf3e129d15430ec8",
      "lang": "en_us"
    },
    {
      "file_path": "en_us/dislocation_6d4cb.md",
      "url": "http://pi.brandon3055.com/objects/44/44980202e4b1a1cf4e55a9d948d3facb513129c5",
      "sha1": "44980202e4b1a1cf4e55a9d948d3facb513129c5",
      "lang": "en_us"
    },
    {
      "file_path": "en_us/generator_cc462.md",
      "url": "http://pi.brandon3055.com/objects/30/306d4544152ba199a12bc74b9bb401ef4f91ac92",
      "sha1": "306d4544152ba199a12bc74b9bb401ef4f91ac92",
      "lang": "en_us"
    },
    {
      "file_path": "en_us/energy_network_cbb72.md",
      "url": "http://pi.brandon3055.com/objects/99/9925dec07836d5dc1357310ae6995b78e0427b2a",
      "sha1": "9925dec07836d5dc1357310ae6995b78e0427b2a",
      "lang": "en_us"
    },
    {
      "file_path": "en_us/stabilized_spawner_4e561.md",
      "url": "http://pi.brandon3055.com/objects/81/81f46fe0c3441f1d806bb68bc2273bdbfac37319",
      "sha1": "81f46fe0c3441f1d806bb68bc2273bdbfac37319",
      "lang": "en_us"
    },
    {
      "file_path": "en_us/draconic_energy_shield_4ef7c.md",
      "url": "http://pi.brandon3055.com/objects/f7/f7a0d3f43b247295011b841c6c00c61181e8c1ac",
      "sha1": "f7a0d3f43b247295011b841c6c00c61181e8c1ac",
      "lang": "en_us"
    },
    {
      "file_path": "en_us/modular_armor_c382c.md",
      "url": "http://pi.brandon3055.com/objects/4e/4e826558ffb8cc36c153af8df528c42cb470c75f",
      "sha1": "4e826558ffb8cc36c153af8df528c42cb470c75f",
      "lang": "en_us"
    },
    {
      "file_path": "en_us/flow_gates_92a90.md",
      "url": "http://pi.brandon3055.com/objects/25/251b7be8b4571d83e8a916bcd82b50b9f9a87976",
      "sha1": "251b7be8b4571d83e8a916bcd82b50b9f9a87976",
      "lang": "en_us"
    },
    {
      "file_path": "en_us/energy_storage_core_7665b.md",
      "url": "http://pi.brandon3055.com/objects/74/74c5301f60a19bfd64cc6646a7fd0a90383a7444",
      "sha1": "74c5301f60a19bfd64cc6646a7fd0a90383a7444",
      "lang": "en_us"
    },
    {
      "file_path": "en_us/draconium_chest_1c184.md",
      "url": "http://pi.brandon3055.com/objects/75/756f2c9bc13cad401a38a713fb619628211625ce",
      "sha1": "756f2c9bc13cad401a38a713fb619628211625ce",
      "lang": "en_us"
    },
    {
      "file_path": "en_us/awakened_draconium_5f7da.md",
      "url": "http://pi.brandon3055.com/objects/55/55e4320ebd631e671f93d42e940be7645cd8c52c",
      "sha1": "55e4320ebd631e671f93d42e940be7645cd8c52c",
      "lang": "en_us"
    },
    {
      "file_path": "en_us/draconium/draconium_dust_a564f.md",
      "url": "http://pi.brandon3055.com/objects/7d/7d58ec6788db15645a7fe9375ed5763421446bf1",
      "sha1": "7d58ec6788db15645a7fe9375ed5763421446bf1",
      "lang": "en_us"
    },
    {
      "file_path": "en_us/draconium/draconium_ore_87f4d.md",
      "url": "http://pi.brandon3055.com/objects/78/782aeedd8e91da53489b4ad0c12ded031525571b",
      "sha1": "782aeedd8e91da53489b4ad0c12ded031525571b",
      "lang": "en_us"
    },
    {
      "file_path": "en_us/draconium/draconium_block_4058e.md",
      "url": "http://pi.brandon3055.com/objects/0f/0f38fd191d39fad77096e86f02188da9acee59a8",
      "sha1": "0f38fd191d39fad77096e86f02188da9acee59a8",
      "lang": "en_us"
    },
    {
      "file_path": "en_us/wyvern_tools/wyvern_pickaxe_97459.md",
      "url": "http://pi.brandon3055.com/objects/bc/bcae76320f2008810bec686bf9c2768abf5b1849",
      "sha1": "bcae76320f2008810bec686bf9c2768abf5b1849",
      "lang": "en_us"
    },
    {
      "file_path": "en_us/wyvern_tools/wyvern_axe_11dbd.md",
      "url": "http://pi.brandon3055.com/objects/c6/c6ac8c98c2207e2c3c1c8b25d298c924c1ce9deb",
      "sha1": "c6ac8c98c2207e2c3c1c8b25d298c924c1ce9deb",
      "lang": "en_us"
    },
    {
      "file_path": "en_us/wyvern_tools/wyvern_shovel_9dbf8.md",
      "url": "http://pi.brandon3055.com/objects/a7/a7fb6f99c61f6183825042fecabe619a79d8f868",
      "sha1": "a7fb6f99c61f6183825042fecabe619a79d8f868",
      "lang": "en_us"
    },
    {
      "file_path": "en_us/wyvern_tools/wyvern_flux_capacitor_f3f1c.md",
      "url": "http://pi.brandon3055.com/objects/81/816299a497dbbda915d9a15cf4c1112e1177c448",
      "sha1": "816299a497dbbda915d9a15cf4c1112e1177c448",
      "lang": "en_us"
    },
    {
      "file_path": "en_us/wyvern_tools/wyvern_bow_e17dc.md",
      "url": "http://pi.brandon3055.com/objects/07/07c33ee59ba4dfc1a357c9e95cfec5a261a5284f",
      "sha1": "07c33ee59ba4dfc1a357c9e95cfec5a261a5284f",
      "lang": "en_us"
    },
    {
      "file_path": "en_us/wyvern_tools/wyvern_sword_dc96b.md",
      "url": "http://pi.brandon3055.com/objects/4d/4db1c15cbc1c6c532f60c855be95be98e8ab913a",
      "sha1": "4db1c15cbc1c6c532f60c855be95be98e8ab913a",
      "lang": "en_us"
    },
    {
      "file_path": "en_us/fusion_crafting_93212.md",
      "url": "http://pi.brandon3055.com/objects/9b/9be6ba3529d15521c82745537f009c086dce2127",
      "sha1": "9be6ba3529d15521c82745537f009c086dce2127",
      "lang": "en_us"
    },
    {
      "file_path": "en_us/wyvern_armor/wyvern_chestplate_472d6.md",
      "url": "http://pi.brandon3055.com/objects/75/750ec11a5c500ddbd42fe82a0b43a01c0d2f1a7c",
      "sha1": "750ec11a5c500ddbd42fe82a0b43a01c0d2f1a7c",
      "lang": "en_us"
    },
    {
      "file_path": "en_us/wyvern_armor/wyvern_leggings_2b410.md",
      "url": "http://pi.brandon3055.com/objects/43/439d7505e3c5b6caacda14eeea3938be237b3b9d",
      "sha1": "439d7505e3c5b6caacda14eeea3938be237b3b9d",
      "lang": "en_us"
    },
    {
      "file_path": "en_us/wyvern_armor/wyvern_boots_9d888.md",
      "url": "http://pi.brandon3055.com/objects/7e/7e1201136a1bcdce2ef982e58452c73604bd1a1b",
      "sha1": "7e1201136a1bcdce2ef982e58452c73604bd1a1b",
      "lang": "en_us"
    },
    {
      "file_path": "en_us/wyvern_armor/wyvern_helmet_60559.md",
      "url": "http://pi.brandon3055.com/objects/33/33fffa3cfbdf3461a0e65022ea90621806921e63",
      "sha1": "33fffa3cfbdf3461a0e65022ea90621806921e63",
      "lang": "en_us"
    },
    {
      "file_path": "en_us/spotlights_65054.md",
      "url": "http://pi.brandon3055.com/objects/0c/0cf26ca22f4ba3f57642e09adcab0bd510fd9aec",
      "sha1": "0cf26ca22f4ba3f57642e09adcab0bd510fd9aec",
      "lang": "en_us"
    },
    {
      "file_path": "en_us/draconic_reactor/reactor_explosion_8a46b.md",
      "url": "http://pi.brandon3055.com/objects/ac/acbb3afaf4338b4a5d36a1edfbd6ed345fee7ffc",
      "sha1": "acbb3afaf4338b4a5d36a1edfbd6ed345fee7ffc",
      "lang": "en_us"
    },
    {
      "file_path": "en_us/draconic_reactor/basic_operation_909db.md",
      "url": "http://pi.brandon3055.com/objects/df/df83fa6306fb76969c331b77c47d74b0b57d5582",
      "sha1": "df83fa6306fb76969c331b77c47d74b0b57d5582",
      "lang": "en_us"
    },
    {
      "file_path": "en_us/draconic_reactor/regulation_and_safety_24690.md",
      "url": "http://pi.brandon3055.com/objects/76/766686c09f6a1736041dcaa5c733f71a53a445a3",
      "sha1": "766686c09f6a1736041dcaa5c733f71a53a445a3",
      "lang": "en_us"
    },
    {
      "file_path": "en_us/draconic_tools/draconic_staff_of_power_31983.md",
      "url": "http://pi.brandon3055.com/objects/6f/6fb9766b5748f6b83d1505318f6b9cf5170dfc93",
      "sha1": "6fb9766b5748f6b83d1505318f6b9cf5170dfc93",
      "lang": "en_us"
    },
    {
      "file_path": "en_us/draconic_tools/draconic_sword_f9c8f.md",
      "url": "http://pi.brandon3055.com/objects/89/89f14f88beb6be2a9b8de76ad2a40736663ae5f2",
      "sha1": "89f14f88beb6be2a9b8de76ad2a40736663ae5f2",
      "lang": "en_us"
    },
    {
      "file_path": "en_us/draconic_tools/draconic_shovel_26bf1.md",
      "url": "http://pi.brandon3055.com/objects/44/444efdabd1d00b3049202205e88ee1553d4105db",
      "sha1": "444efdabd1d00b3049202205e88ee1553d4105db",
      "lang": "en_us"
    },
    {
      "file_path": "en_us/draconic_tools/draconic_bow_a8440.md",
      "url": "http://pi.brandon3055.com/objects/c6/c6f92417f9c365e4eb31cc8b295be3a33ab662c3",
      "sha1": "c6f92417f9c365e4eb31cc8b295be3a33ab662c3",
      "lang": "en_us"
    },
    {
      "file_path": "en_us/draconic_tools/draconic_hoe_21b89.md",
      "url": "http://pi.brandon3055.com/objects/bc/bcd241fa1213f54f52c704d50efaa29ed58d994d",
      "sha1": "bcd241fa1213f54f52c704d50efaa29ed58d994d",
      "lang": "en_us"
    },
    {
      "file_path": "en_us/draconic_tools/draconic_axe_bcd5b.md",
      "url": "http://pi.brandon3055.com/objects/db/dbca0412f3076a306e9e719fd46b1ff53f249fec",
      "sha1": "dbca0412f3076a306e9e719fd46b1ff53f249fec",
      "lang": "en_us"
    },
    {
      "file_path": "en_us/draconic_tools/draconic_flux_capacitor_5685f.md",
      "url": "http://pi.brandon3055.com/objects/6e/6e3e3a5d3917b3f23ded47157b2271f2faaf9c67",
      "sha1": "6e3e3a5d3917b3f23ded47157b2271f2faaf9c67",
      "lang": "en_us"
    },
    {
      "file_path": "en_us/draconic_tools/draconic_pickaxe_5380c.md",
      "url": "http://pi.brandon3055.com/objects/7f/7fb44567860134138c9e28e3366d731ac2535ade",
      "sha1": "7fb44567860134138c9e28e3366d731ac2535ade",
      "lang": "en_us"
    },
    {
      "file_path": "en_us/module_system_77c93.md",
      "url": "http://pi.brandon3055.com/objects/a1/a18cfdafb831867cc22787cd630f3ce4fcf99d20",
      "sha1": "a18cfdafb831867cc22787cd630f3ce4fcf99d20",
      "lang": "en_us"
    },
    {
      "file_path": "en_us/mob_soul_749d7.md",
      "url": "http://pi.brandon3055.com/objects/13/13be211de5da9fda40b9c53c4b5502e284b04095",
      "sha1": "13be211de5da9fda40b9c53c4b5502e284b04095",
      "lang": "en_us"
    },
    {
      "file_path": "en_us/draconic_reactor_b98b3.md",
      "url": "http://pi.brandon3055.com/objects/b2/b2de4a1c4a9e0544a3436cf135d12269d56629ab",
      "sha1": "b2de4a1c4a9e0544a3436cf135d12269d56629ab",
      "lang": "en_us"
    },
    {
      "file_path": "en_us/draconic_armor_a7ed0.md",
      "url": "http://pi.brandon3055.com/objects/07/0777ed45ec62b2fd7afd419b49a1ecf03d6261f6",
      "sha1": "0777ed45ec62b2fd7afd419b49a1ecf03d6261f6",
      "lang": "en_us"
    },
    {
      "file_path": "en_us/contributors_14e32.md",
      "url": "http://pi.brandon3055.com/objects/7a/7a2b552681f066dff067037a24fa23ec8c6d101c",
      "sha1": "7a2b552681f066dff067037a24fa23ec8c6d101c",
      "lang": "en_us"
    },
    {
      "file_path": "en_us/chaos_guardian_4c4fd.md",
      "url": "http://pi.brandon3055.com/objects/d1/d16fc5096c5b35a2c6557231f8feb970f68d3d89",
      "sha1": "d16fc5096c5b35a2c6557231f8feb970f68d3d89",
      "lang": "en_us"
    },
    {
      "file_path": "en_us/energy_infuser_5b44a.md",
      "url": "http://pi.brandon3055.com/objects/17/170d1a6301c6c3d08d0db1771e184d22b00e8942",
      "sha1": "170d1a6301c6c3d08d0db1771e184d22b00e8942",
      "lang": "en_us"
    },
    {
      "file_path": "en_us/disenchanter_3606d.md",
      "url": "http://pi.brandon3055.com/objects/db/dbe0445354d71d1429d78aa5736480d6ef60d2b7",
      "sha1": "dbe0445354d71d1429d78aa5736480d6ef60d2b7",
      "lang": "en_us"
    },
    {
      "file_path": "en_us/modular_tools_47b51.md",
      "url": "http://pi.brandon3055.com/objects/20/2096ecca08f4c64afa01102a574b1e80492ec408",
      "sha1": "2096ecca08f4c64afa01102a574b1e80492ec408",
      "lang": "en_us"
    },
    {
      "file_path": "en_us/awakened_draconium/dragon_heart_2caa6.md",
      "url": "http://pi.brandon3055.com/objects/e2/e29a18412c3ba77dcfdd6b98bf76094ff7dc8830",
      "sha1": "e29a18412c3ba77dcfdd6b98bf76094ff7dc8830",
      "lang": "en_us"
    },
    {
      "file_path": "ru_ru/entity_detector_62746.md",
      "url": "http://pi.brandon3055.com/objects/7d/7d3c1d5effd3f44b80b59f9ad5c0405cfe934c83",
      "sha1": "7d3c1d5effd3f44b80b59f9ad5c0405cfe934c83",
      "lang": "ru_ru"
    },
    {
      "file_path": "ru_ru/upgrade_system_a708d.md",
      "url": "http://pi.brandon3055.com/objects/6c/6ccdb03ec071531cf7199a35e836c8a560624a47",
      "sha1": "6ccdb03ec071531cf7199a35e836c8a560624a47",
      "lang": "ru_ru"
    },
    {
      "file_path": "ru_ru/wyvern_tools_26115.md",
      "url": "http://pi.brandon3055.com/objects/a3/a3b949bb6983eaa5bbff256ce4ffe33e28a6fba0",
      "sha1": "a3b949bb6983eaa5bbff256ce4ffe33e28a6fba0",
      "lang": "ru_ru"
    },
    {
      "file_path": "ru_ru/draconic_tools_ce5a3.md",
      "url": "http://pi.brandon3055.com/objects/fc/fcacc6bf5495653d64f3084d3c97a8252b0cbe4e",
      "sha1": "fcacc6bf5495653d64f3084d3c97a8252b0cbe4e",
      "lang": "ru_ru"
    },
    {
      "file_path": "ru_ru/fusion_crafting/fusion_crafting_injectors_26e3e.md",
      "url": "http://pi.brandon3055.com/objects/71/71601639af34ec9b49014d9f47d089bef65a77e4",
      "sha1": "71601639af34ec9b49014d9f47d089bef65a77e4",
      "lang": "ru_ru"
    },
    {
      "file_path": "ru_ru/fusion_crafting/fusion_crafting_setup_84af7.md",
      "url": "http://pi.brandon3055.com/objects/de/de33519b34e01672f8fc7cd87e4d5c6566b86ee4",
      "sha1": "de33519b34e01672f8fc7cd87e4d5c6566b86ee4",
      "lang": "ru_ru"
    },
    {
      "file_path": "ru_ru/mob_grinder_c25b0.md",
      "url": "http://pi.brandon3055.com/objects/3a/3a34128d95d7917992458a3672a8c579b65f4458",
      "sha1": "3a34128d95d7917992458a3672a8c579b65f4458",
      "lang": "ru_ru"
    },
    {
      "file_path": "ru_ru/test_page_4f9ac.md",
      "url": "http://pi.brandon3055.com/objects/9c/9c56944ee368567e7a163e4d93520f71063db66e",
      "sha1": "9c56944ee368567e7a163e4d93520f71063db66e",
      "lang": "ru_ru"
    },
    {
      "file_path": "ru_ru/energy_storage_core/energy_pylon_e75da.md",
      "url": "http://pi.brandon3055.com/objects/3b/3b76b0d7e59fedf95849dfd5d193d77af4105f12",
      "sha1": "3b76b0d7e59fedf95849dfd5d193d77af4105f12",
      "lang": "ru_ru"
    },
    {
      "file_path": "ru_ru/energy_storage_core/energy_core_setup_7be5c.md",
      "url": "http://pi.brandon3055.com/objects/f7/f7b0bf94eb39001393c2e8ba35ed6ee6df0dab10",
      "sha1": "f7b0bf94eb39001393c2e8ba35ed6ee6df0dab10",
      "lang": "ru_ru"
    },
    {
      "file_path": "ru_ru/energy_storage_core/energy_core_stabilizer_dfaaa.md",
      "url": "http://pi.brandon3055.com/objects/42/42ca833b270ce9f8e3f76ffe5b21bcb4589ccee0",
      "sha1": "42ca833b270ce9f8e3f76ffe5b21bcb4589ccee0",
      "lang": "ru_ru"
    },
    {
      "file_path": "ru_ru/energy_network/relay_crystals_2bf03.md",
      "url": "http://pi.brandon3055.com/objects/51/5199ad92cbfa5d459fa8df2fddf3c35c7df7e835",
      "sha1": "5199ad92cbfa5d459fa8df2fddf3c35c7df7e835",
      "lang": "ru_ru"
    },
    {
      "file_path": "ru_ru/energy_network/energy_io_crystals_5c5b0.md",
      "url": "http://pi.brandon3055.com/objects/11/1137f04858feb1503099645e120f8b11ab952c5b",
      "sha1": "1137f04858feb1503099645e120f8b11ab952c5b",
      "lang": "ru_ru"
    },
    {
      "file_path": "ru_ru/energy_network/wireless_crystals_29e8b.md",
      "url": "http://pi.brandon3055.com/objects/7a/7a6e09d58347a3ef5a1fc19be5ce50d58d7ae2c7",
      "sha1": "7a6e09d58347a3ef5a1fc19be5ce50d58d7ae2c7",
      "lang": "ru_ru"
    },
    {
      "file_path": "ru_ru/energy_network/the_basics_461cd.md",
      "url": "http://pi.brandon3055.com/objects/00/004b677a5eef5ea2764263d47ca00b24c5f3bb5a",
      "sha1": "004b677a5eef5ea2764263d47ca00b24c5f3bb5a",
      "lang": "ru_ru"
    },
    {
      "file_path": "ru_ru/wyvern_armor_4e10b.md",
      "url": "http://pi.brandon3055.com/objects/69/697baf706e2e0d8c0ce03e87d70e304ab7b59f07",
      "sha1": "697baf706e2e0d8c0ce03e87d70e304ab7b59f07",
      "lang": "ru_ru"
    },
    {
      "file_path": "ru_ru/draconium_8395a.md",
      "url": "http://pi.brandon3055.com/objects/fc/fcd7711ddba8c08b9fa08f81ac4b961fdc809ece",
      "sha1": "fcd7711ddba8c08b9fa08f81ac4b961fdc809ece",
      "lang": "ru_ru"
    },
    {
      "file_path": "ru_ru/potentiometer_7e259.md",
      "url": "http://pi.brandon3055.com/objects/55/55665a595f1fe4afafe7db3f9bffd22e7bc6eb3f",
      "sha1": "55665a595f1fe4afafe7db3f9bffd22e7bc6eb3f",
      "lang": "ru_ru"
    },
    {
      "file_path": "ru_ru/celestial_manipulator_55724.md",
      "url": "http://pi.brandon3055.com/objects/72/72e1783cf423348750c92d5551c291979e682a89",
      "sha1": "72e1783cf423348750c92d5551c291979e682a89",
      "lang": "ru_ru"
    },
    {
      "file_path": "ru_ru/draconic_armor/draconic_chestplate_e14af.md",
      "url": "http://pi.brandon3055.com/objects/d5/d5fabe53e70875aae3da34ac1037e09941b28cbf",
      "sha1": "d5fabe53e70875aae3da34ac1037e09941b28cbf",
      "lang": "ru_ru"
    },
    {
      "file_path": "ru_ru/draconic_armor/draconic_boots_53ead.md",
      "url": "http://pi.brandon3055.com/objects/d3/d3e7963effdcf55f6eb69da2500015d3e8337072",
      "sha1": "d3e7963effdcf55f6eb69da2500015d3e8337072",
      "lang": "ru_ru"
    },
    {
      "file_path": "ru_ru/draconic_armor/draconic_helmet_54f52.md",
      "url": "http://pi.brandon3055.com/objects/c4/c43a8b1798a13b5542689597889c2aeea15f14a5",
      "sha1": "c43a8b1798a13b5542689597889c2aeea15f14a5",
      "lang": "ru_ru"
    },
    {
      "file_path": "ru_ru/draconic_armor/draconic_leggings_dc633.md",
      "url": "http://pi.brandon3055.com/objects/07/07071356987e7335ae885ad9822cf8e445e86126",
      "sha1": "07071356987e7335ae885ad9822cf8e445e86126",
      "lang": "ru_ru"
    },
    {
      "file_path": "ru_ru/cores/wyvern_core_c2c0a.md",
      "url": "http://pi.brandon3055.com/objects/a4/a493b848ecdc835355303cdabab34d577033208d",
      "sha1": "a493b848ecdc835355303cdabab34d577033208d",
      "lang": "ru_ru"
    },
    {
      "file_path": "ru_ru/cores/wyvern_energy_core_a2b4d.md",
      "url": "http://pi.brandon3055.com/objects/00/002a6031550406f63b05828c3c242b5102e54f51",
      "sha1": "002a6031550406f63b05828c3c242b5102e54f51",
      "lang": "ru_ru"
    },
    {
      "file_path": "ru_ru/cores/draconic_energy_core_4f12f.md",
      "url": "http://pi.brandon3055.com/objects/02/0235b2e43992536fd8e78265a0332c30597edcde",
      "sha1": "0235b2e43992536fd8e78265a0332c30597edcde",
      "lang": "ru_ru"
    },
    {
      "file_path": "ru_ru/cores/awakened_core_c847a.md",
      "url": "http://pi.brandon3055.com/objects/7a/7acc02ca32a27ff061b8e61bbf75b23ba7ea62a1",
      "sha1": "7acc02ca32a27ff061b8e61bbf75b23ba7ea62a1",
      "lang": "ru_ru"
    },
    {
      "file_path": "ru_ru/cores/chaotic_core_10e66.md",
      "url": "http://pi.brandon3055.com/objects/47/47965e1d31e9aa974a5ae558cc744b9cab05c9eb",
      "sha1": "47965e1d31e9aa974a5ae558cc744b9cab05c9eb",
      "lang": "ru_ru"
    },
    {
      "file_path": "ru_ru/cores/draconic_core_3cc88.md",
      "url": "http://pi.brandon3055.com/objects/88/88fb2c76eeeeca83317e9de5252abdbea1a9ac06",
      "sha1": "88fb2c76eeeeca83317e9de5252abdbea1a9ac06",
      "lang": "ru_ru"
    },
    {
      "file_path": "ru_ru/cores_b46c6.md",
      "url": "http://pi.brandon3055.com/objects/ed/ed60081597d3d1a52334fd42e356c1ff54b08de2",
      "sha1": "ed60081597d3d1a52334fd42e356c1ff54b08de2",
      "lang": "ru_ru"
    },
    {
      "file_path": "ru_ru/ender_energy_manipulator_3811c.md",
      "url": "http://pi.brandon3055.com/objects/7d/7d4bd65aa9f0be4c255e9c986524dd69dbb9e947",
      "sha1": "7d4bd65aa9f0be4c255e9c986524dd69dbb9e947",
      "lang": "ru_ru"
    },
    {
      "file_path": "ru_ru/dislocation/bound_dislocators_d4344.md",
      "url": "http://pi.brandon3055.com/objects/79/799af464d49def4b1cc50ac8dee2e2110b711c75",
      "sha1": "799af464d49def4b1cc50ac8dee2e2110b711c75",
      "lang": "ru_ru"
    },
    {
      "file_path": "ru_ru/dislocation/awakened_item_dislocator_81c55.md",
      "url": "http://pi.brandon3055.com/objects/4e/4e7c3241060ca33a515dcde81dedf034343bc9e5",
      "sha1": "4e7c3241060ca33a515dcde81dedf034343bc9e5",
      "lang": "ru_ru"
    },
    {
      "file_path": "ru_ru/dislocation/dislocation_blocker_20e01.md",
      "url": "http://pi.brandon3055.com/objects/14/14f072d7ea1e82ce446df856b3e3933c533ae7f3",
      "sha1": "14f072d7ea1e82ce446df856b3e3933c533ae7f3",
      "lang": "ru_ru"
    },
    {
      "file_path": "ru_ru/dislocation/dislocator_81ef7.md",
      "url": "http://pi.brandon3055.com/objects/f4/f4c497ef8a60a4dfe1f015819cbd19323485a9d3",
      "sha1": "f4c497ef8a60a4dfe1f015819cbd19323485a9d3",
      "lang": "ru_ru"
    },
    {
      "file_path": "ru_ru/dislocation/dislocator_pedestal_40605.md",
      "url": "http://pi.brandon3055.com/objects/32/329408fd59ca6a637b765d157012225666dbc898",
      "sha1": "329408fd59ca6a637b765d157012225666dbc898",
      "lang": "ru_ru"
    },
    {
      "file_path": "ru_ru/dislocation/dislocator_receptacle_8aad6.md",
      "url": "http://pi.brandon3055.com/objects/05/05681551723d0a00a50c8ab21c3503588163da1e",
      "sha1": "05681551723d0a00a50c8ab21c3503588163da1e",
      "lang": "ru_ru"
    },
    {
      "file_path": "ru_ru/dislocation/item_dislocator_a286b.md",
      "url": "http://pi.brandon3055.com/objects/f9/f97ece5e3eb8f17435a17e3f297158ff9db3c381",
      "sha1": "f97ece5e3eb8f17435a17e3f297158ff9db3c381",
      "lang": "ru_ru"
    },
    {
      "file_path": "ru_ru/dislocation/advanced_dislocator_aa59f.md",
      "url": "http://pi.brandon3055.com/objects/f7/f7c0efc210dba3ed484338e75b34d14804072d17",
      "sha1": "f7c0efc210dba3ed484338e75b34d14804072d17",
      "lang": "ru_ru"
    },
    {
      "file_path": "ru_ru/rain_sensor_92dae.md",
      "url": "http://pi.brandon3055.com/objects/67/676111abe64de9f4d9185f1ca889ca35efa99bc0",
      "sha1": "676111abe64de9f4d9185f1ca889ca35efa99bc0",
      "lang": "ru_ru"
    },
    {
      "file_path": "ru_ru/dislocation_6d4cb.md",
      "url": "http://pi.brandon3055.com/objects/0a/0a0152ee0a66d741a0301868fae0a972a990927f",
      "sha1": "0a0152ee0a66d741a0301868fae0a972a990927f",
      "lang": "ru_ru"
    },
    {
      "file_path": "ru_ru/generator_cc462.md",
      "url": "http://pi.brandon3055.com/objects/59/59dc575b16c542d2287c1fee980ad98ff3bd2d18",
      "sha1": "59dc575b16c542d2287c1fee980ad98ff3bd2d18",
      "lang": "ru_ru"
    },
    {
      "file_path": "ru_ru/energy_network_cbb72.md",
      "url": "http://pi.brandon3055.com/objects/99/9925dec07836d5dc1357310ae6995b78e0427b2a",
      "sha1": "9925dec07836d5dc1357310ae6995b78e0427b2a",
      "lang": "ru_ru"
    },
    {
      "file_path": "ru_ru/stabilized_spawner_4e561.md",
      "url": "http://pi.brandon3055.com/objects/cc/cc0a35ca9fdbefe10a1dac199784837dd1f3cd71",
      "sha1": "cc0a35ca9fdbefe10a1dac199784837dd1f3cd71",
      "lang": "ru_ru"
    },
    {
      "file_path": "ru_ru/draconic_energy_shield_4ef7c.md",
      "url": "http://pi.brandon3055.com/objects/51/51306cc3fa5accb081127846a8bb4f779007020f",
      "sha1": "51306cc3fa5accb081127846a8bb4f779007020f",
      "lang": "ru_ru"
    },
    {
      "file_path": "ru_ru/flow_gates_92a90.md",
      "url": "http://pi.brandon3055.com/objects/b1/b143c2e101426340ab8d44d5edb7c01ec637526c",
      "sha1": "b143c2e101426340ab8d44d5edb7c01ec637526c",
      "lang": "ru_ru"
    },
    {
      "file_path": "ru_ru/energy_storage_core_7665b.md",
      "url": "http://pi.brandon3055.com/objects/40/4068db996f0591da1b760d566ab12c87606af355",
      "sha1": "4068db996f0591da1b760d566ab12c87606af355",
      "lang": "ru_ru"
    },
    {
      "file_path": "ru_ru/draconium_chest_1c184.md",
      "url": "http://pi.brandon3055.com/objects/39/39580863dd36009494897f57453f6fbe66c7a874",
      "sha1": "39580863dd36009494897f57453f6fbe66c7a874",
      "lang": "ru_ru"
    },
    {
      "file_path": "ru_ru/awakened_draconium_5f7da.md",
      "url": "http://pi.brandon3055.com/objects/a7/a7f381c5ed514a45d5e6233f7b53fcb44f0bddac",
      "sha1": "a7f381c5ed514a45d5e6233f7b53fcb44f0bddac",
      "lang": "ru_ru"
    },
    {
      "file_path": "ru_ru/draconium/draconium_dust_a564f.md",
      "url": "http://pi.brandon3055.com/objects/cf/cfab636b1d9c34a6744748cc8ef4985e83fc362a",
      "sha1": "cfab636b1d9c34a6744748cc8ef4985e83fc362a",
      "lang": "ru_ru"
    },
    {
      "file_path": "ru_ru/draconium/draconium_ore_87f4d.md",
      "url": "http://pi.brandon3055.com/objects/e4/e409d4451941d944111e37f733031407af80179c",
      "sha1": "e409d4451941d944111e37f733031407af80179c",
      "lang": "ru_ru"
    },
    {
      "file_path": "ru_ru/draconium/draconium_block_4058e.md",
      "url": "http://pi.brandon3055.com/objects/e0/e05427bcfc1076f88a06de696e3211798f3b9236",
      "sha1": "e05427bcfc1076f88a06de696e3211798f3b9236",
      "lang": "ru_ru"
    },
    {
      "file_path": "ru_ru/wyvern_tools/wyvern_pickaxe_97459.md",
      "url": "http://pi.brandon3055.com/objects/af/aff8cd1754e2ab8f75a0f49a9d4261d3343e5d2c",
      "sha1": "aff8cd1754e2ab8f75a0f49a9d4261d3343e5d2c",
      "lang": "ru_ru"
    },
    {
      "file_path": "ru_ru/wyvern_tools/wyvern_axe_11dbd.md",
      "url": "http://pi.brandon3055.com/objects/ee/eef7d6533c9c5fb4991d5ccb32ed6c7aafeceac0",
      "sha1": "eef7d6533c9c5fb4991d5ccb32ed6c7aafeceac0",
      "lang": "ru_ru"
    },
    {
      "file_path": "ru_ru/wyvern_tools/wyvern_shovel_9dbf8.md",
      "url": "http://pi.brandon3055.com/objects/06/067754a055ee072a3b1628ac24f5d4b6870fefe5",
      "sha1": "067754a055ee072a3b1628ac24f5d4b6870fefe5",
      "lang": "ru_ru"
    },
    {
      "file_path": "ru_ru/wyvern_tools/wyvern_flux_capacitor_f3f1c.md",
      "url": "http://pi.brandon3055.com/objects/0a/0a8e8a34477453041a10c1da0e8dc2197f8a7b3e",
      "sha1": "0a8e8a34477453041a10c1da0e8dc2197f8a7b3e",
      "lang": "ru_ru"
    },
    {
      "file_path": "ru_ru/wyvern_tools/wyvern_bow_e17dc.md",
      "url": "http://pi.brandon3055.com/objects/36/3677adadbe60febf262f198d974a94635cb50688",
      "sha1": "3677adadbe60febf262f198d974a94635cb50688",
      "lang": "ru_ru"
    },
    {
      "file_path": "ru_ru/wyvern_tools/wyvern_sword_dc96b.md",
      "url": "http://pi.brandon3055.com/objects/ed/edfaa3731fd37ea9065e2836bc22df1401b00d8f",
      "sha1": "edfaa3731fd37ea9065e2836bc22df1401b00d8f",
      "lang": "ru_ru"
    },
    {
      "file_path": "ru_ru/fusion_crafting_93212.md",
      "url": "http://pi.brandon3055.com/objects/70/70545084dc89d6585d9c6b422df07eecd8b361cb",
      "sha1": "70545084dc89d6585d9c6b422df07eecd8b361cb",
      "lang": "ru_ru"
    },
    {
      "file_path": "ru_ru/wyvern_armor/wyvern_chestplate_472d6.md",
      "url": "http://pi.brandon3055.com/objects/47/47aae6feb041be1bc6f6e6046e3180ff3311d8f1",
      "sha1": "47aae6feb041be1bc6f6e6046e3180ff3311d8f1",
      "lang": "ru_ru"
    },
    {
      "file_path": "ru_ru/wyvern_armor/wyvern_leggings_2b410.md",
      "url": "http://pi.brandon3055.com/objects/97/97a277e24fb6bf45c467f916664a6a41f045c0bf",
      "sha1": "97a277e24fb6bf45c467f916664a6a41f045c0bf",
      "lang": "ru_ru"
    },
    {
      "file_path": "ru_ru/wyvern_armor/wyvern_boots_9d888.md",
      "url": "http://pi.brandon3055.com/objects/40/407510bc6b5a004db199513e930c2970171a2a56",
      "sha1": "407510bc6b5a004db199513e930c2970171a2a56",
      "lang": "ru_ru"
    },
    {
      "file_path": "ru_ru/wyvern_armor/wyvern_helmet_60559.md",
      "url": "http://pi.brandon3055.com/objects/20/205168b1d02686fbff100d7f4574f07ef8b7084b",
      "sha1": "205168b1d02686fbff100d7f4574f07ef8b7084b",
      "lang": "ru_ru"
    },
    {
      "file_path": "ru_ru/spotlights_65054.md",
      "url": "http://pi.brandon3055.com/objects/0c/0cf26ca22f4ba3f57642e09adcab0bd510fd9aec",
      "sha1": "0cf26ca22f4ba3f57642e09adcab0bd510fd9aec",
      "lang": "ru_ru"
    },
    {
      "file_path": "ru_ru/draconic_reactor/reactor_explosion_8a46b.md",
      "url": "http://pi.brandon3055.com/objects/b2/b228e2ae6760aa40962a3192fdfeb73b6fa346c1",
      "sha1": "b228e2ae6760aa40962a3192fdfeb73b6fa346c1",
      "lang": "ru_ru"
    },
    {
      "file_path": "ru_ru/draconic_reactor/basic_operation_909db.md",
      "url": "http://pi.brandon3055.com/objects/ce/ced5af506ddf7d8983918503f1fe6a59b019f20d",
      "sha1": "ced5af506ddf7d8983918503f1fe6a59b019f20d",
      "lang": "ru_ru"
    },
    {
      "file_path": "ru_ru/draconic_reactor/regulation_and_safety_24690.md",
      "url": "http://pi.brandon3055.com/objects/fc/fc39379b78cbf19771bef17892a8d05037e8988c",
      "sha1": "fc39379b78cbf19771bef17892a8d05037e8988c",
      "lang": "ru_ru"
    },
    {
      "file_path": "ru_ru/draconic_tools/draconic_staff_of_power_31983.md",
      "url": "http://pi.brandon3055.com/objects/eb/eb353ccc1989db71a3e51aada8f9dd41d5d0ece1",
      "sha1": "eb353ccc1989db71a3e51aada8f9dd41d5d0ece1",
      "lang": "ru_ru"
    },
    {
      "file_path": "ru_ru/draconic_tools/draconic_sword_f9c8f.md",
      "url": "http://pi.brandon3055.com/objects/b5/b52af53f3578e2a19c39c1e81edc2f933cd957bd",
      "sha1": "b52af53f3578e2a19c39c1e81edc2f933cd957bd",
      "lang": "ru_ru"
    },
    {
      "file_path": "ru_ru/draconic_tools/draconic_shovel_26bf1.md",
      "url": "http://pi.brandon3055.com/objects/36/36e372d8908b8cec21df25c994d2b9246a2983c7",
      "sha1": "36e372d8908b8cec21df25c994d2b9246a2983c7",
      "lang": "ru_ru"
    },
    {
      "file_path": "ru_ru/draconic_tools/draconic_bow_a8440.md",
      "url": "http://pi.brandon3055.com/objects/af/af6272ada7b38bc03f5d84d5423b114377869adf",
      "sha1": "af6272ada7b38bc03f5d84d5423b114377869adf",
      "lang": "ru_ru"
    },
    {
      "file_path": "ru_ru/draconic_tools/draconic_hoe_21b89.md",
      "url": "http://pi.brandon3055.com/objects/b1/b16ddc86b71dbd61d16e1754833d71e694f958df",
      "sha1": "b16ddc86b71dbd61d16e1754833d71e694f958df",
      "lang": "ru_ru"
    },
    {
      "file_path": "ru_ru/draconic_tools/draconic_axe_bcd5b.md",
      "url": "http://pi.brandon3055.com/objects/30/30b2d44e331fe58562e8e916e0a7be347c13cf8e",
      "sha1": "30b2d44e331fe58562e8e916e0a7be347c13cf8e",
      "lang": "ru_ru"
    },
    {
      "file_path": "ru_ru/draconic_tools/draconic_flux_capacitor_5685f.md",
      "url": "http://pi.brandon3055.com/objects/2c/2cfd06ab797c12911b3ce2f0812d5b0c4ae70cd1",
      "sha1": "2cfd06ab797c12911b3ce2f0812d5b0c4ae70cd1",
      "lang": "ru_ru"
    },
    {
      "file_path": "ru_ru/draconic_tools/draconic_pickaxe_5380c.md",
      "url": "http://pi.brandon3055.com/objects/26/26eb6d029284f43bf1be779442ddf228a13d5dbc",
      "sha1": "26eb6d029284f43bf1be779442ddf228a13d5dbc",
      "lang": "ru_ru"
    },
    {
      "file_path": "ru_ru/mob_soul_749d7.md",
      "url": "http://pi.brandon3055.com/objects/ac/ac25f56d17e397a014f3afd178d40c0aab19f0b6",
      "sha1": "ac25f56d17e397a014f3afd178d40c0aab19f0b6",
      "lang": "ru_ru"
    },
    {
      "file_path": "ru_ru/draconic_reactor_b98b3.md",
      "url": "http://pi.brandon3055.com/objects/5c/5cd5d0123eac1b440533ef0556ac76fb2ce2a10e",
      "sha1": "5cd5d0123eac1b440533ef0556ac76fb2ce2a10e",
      "lang": "ru_ru"
    },
    {
      "file_path": "ru_ru/draconic_armor_a7ed0.md",
      "url": "http://pi.brandon3055.com/objects/33/3322ed70bd835e5c105a93f89c878d710d20da06",
      "sha1": "3322ed70bd835e5c105a93f89c878d710d20da06",
      "lang": "ru_ru"
    },
    {
      "file_path": "ru_ru/contributors_14e32.md",
      "url": "http://pi.brandon3055.com/objects/6e/6e1f88c1bc07128513ddbf8ced594c2afe4fe53b",
      "sha1": "6e1f88c1bc07128513ddbf8ced594c2afe4fe53b",
      "lang": "ru_ru"
    },
    {
      "file_path": "ru_ru/chaos_guardian_4c4fd.md",
      "url": "http://pi.brandon3055.com/objects/fe/fef41970f006ced35d520f812e319360e49a09e9",
      "sha1": "fef41970f006ced35d520f812e319360e49a09e9",
      "lang": "ru_ru"
    },
    {
      "file_path": "ru_ru/energy_infuser_5b44a.md",
      "url": "http://pi.brandon3055.com/objects/0e/0e31d2693ee64e74e63eea6d79992d9f0908ddb0",
      "sha1": "0e31d2693ee64e74e63eea6d79992d9f0908ddb0",
      "lang": "ru_ru"
    },
    {
      "file_path": "ru_ru/disenchanter_3606d.md",
      "url": "http://pi.brandon3055.com/objects/48/48bfb8cee5a2ea3a20c5d88068aefdf52007b7ae",
      "sha1": "48bfb8cee5a2ea3a20c5d88068aefdf52007b7ae",
      "lang": "ru_ru"
    },
    {
      "file_path": "ru_ru/awakened_draconium/dragon_heart_2caa6.md",
      "url": "http://pi.brandon3055.com/objects/2e/2e67518018b51fb9b245591d33e9371cc1251684",
      "sha1": "2e67518018b51fb9b245591d33e9371cc1251684",
      "lang": "ru_ru"
    }
  ]
}