{
    "mod.chiselsandbits.client.screens.ModificationTableScreen": {
        "playerSideOnly": true
    },
    "mod.chiselsandbits.client.screens.ChiseledPrinterScreen": {
        "playerSideOnly": true
    },
    "mod.chiselsandbits.client.screens.BitBagScreen": {
        "playerSideOnly": true,
        "buttonHints": {
            "SORT": {
                "bottom": -1
            },
            "SORT_COLUMNS": {
                "bottom": -1
            },
            "SORT_ROWS": {
                "bottom": -1
            }
        }
    }
}