{
    "com.lothrazar.cyclic.block.collectitem.ScreenItemCollector": {
        "playerSideOnly": true,
        "buttonHints": {
            "SORT": {
                "bottom": 21
            },
            "SORT_COLUMNS": {
                "bottom": 21
            },
            "SORT_ROWS": {
                "bottom": 21
            }
        }
    },
    "com.lothrazar.cyclic.block.peatfarm.ScreenPeatFarm": {
        "playerSideOnly": true
    },
    "com.lothrazar.cyclic.block.battery.ScreenBattery": {
        "playerSideOnly": true
    },
    "com.lothrazar.cyclic.block.harvester.ScreenHarvester": {
        "playerSideOnly": true
    },
    "com.lothrazar.cyclic.block.anvil.ScreenAnvil": {
        "playerSideOnly": true
    },
    "com.lothrazar.cyclic.block.placer.ScreenPlacer": {
        "playerSideOnly": true
    },
    "com.lothrazar.cyclic.block.shapebuilder.ScreenStructure": {
        "playerSideOnly": true,
        "buttonHints": {
            "SORT": {
                "horizontalOffset": 20,
                "bottom": 21
            },
            "SORT_COLUMNS": {
                "horizontalOffset": 20,
                "bottom": 21
            },
            "SORT_ROWS": {
                "horizontalOffset": 20,
                "bottom": 21
            },
            "SHOW_EDITOR": {
                "top": -1
            }
        }
    },
    "com.lothrazar.cyclic.block.melter.ScreenMelter": {
        "playerSideOnly": true
    },
    "com.lothrazar.cyclic.block.solidifier.ScreenSolidifier": {
        "playerSideOnly": true
    },
    "com.lothrazar.cyclic.block.breaker.ScreenBreaker": {
        "playerSideOnly": true
    },
    "com.lothrazar.cyclic.block.expcollect.ScreenExpPylon": {
        "playerSideOnly": true
    },
    "com.lothrazar.cyclic.block.user.ScreenUser": {
        "playerSideOnly": true
    },
    "com.lothrazar.cyclic.block.disenchant.ScreenDisenchant": {
        "playerSideOnly": true
    },
    "com.lothrazar.cyclic.block.wireless.redstone.ScreenTransmit": {
        "playerSideOnly": true
    },
    "com.lothrazar.cyclic.block.clock.ScreenClock": {
        "playerSideOnly": true,
        "buttonHints": {
            "SORT": {
                "horizontalOffset": -42,
                "bottom": 9
            },
            "SORT_COLUMNS": {
                "horizontalOffset": -30,
                "bottom": -3
            },
            "SORT_ROWS": {
                "horizontalOffset": -18,
                "bottom": -15
            }
        }
    },
    "com.lothrazar.cyclic.block.crate.ScreenCrate": {
        "buttonHints": {
            "MOVE_TO_CONTAINER": {
                "horizontalOffset": -18,
                "bottom": -12
            },
            "MOVE_TO_PLAYER": {
                "horizontalOffset": -18,
                "top": 38
            },
            "SORT": {
                "horizontalOffset": -54,
                "top": 2
            },
            "SORT_COLUMNS": {
                "horizontalOffset": -42,
                "top": 14
            },
            "SORT_ROWS": {
                "horizontalOffset": -30,
                "top": 26
            }
        }
    },
    "com.lothrazar.cyclic.block.placerfluid.ScreenPlacerFluid": {
        "playerSideOnly": true,
        "buttonHints": {
            "SORT": {
                "horizontalOffset": 20
            },
            "SORT_COLUMNS": {
                "horizontalOffset": 20
            },
            "SORT_ROWS": {
                "horizontalOffset": 20
            }
        }
    },
    "com.lothrazar.cyclic.block.collectfluid.ScreenFluidCollect": {
        "playerSideOnly": true
    },
    "com.lothrazar.cyclic.block.fan.ScreenFan": {
        "playerSideOnly": true,
        "buttonHints": {
            "SORT": {
                "horizontalOffset": -42,
                "bottom": -12
            },
            "SORT_COLUMNS": {
                "horizontalOffset": -30,
                "bottom": -24
            },
            "SORT_ROWS": {
                "horizontalOffset": -18,
                "bottom": -36
            }
        }
    },
    "com.lothrazar.cyclic.block.beaconpotion.ScreenPotion": {
        "playerSideOnly": true
    },
    "com.lothrazar.cyclic.block.dropper.ScreenDropper": {
        "playerSideOnly": true,
        "buttonHints": {
            "SORT": {
                "horizontalOffset": -42,
                "bottom": -12
            },
            "SORT_COLUMNS": {
                "horizontalOffset": -30,
                "bottom": -24
            },
            "SORT_ROWS": {
                "horizontalOffset": -18,
                "bottom": -36
            }
        }
    },
    "com.lothrazar.cyclic.block.forester.ScreenForester": {
        "playerSideOnly": true
    },
    "com.lothrazar.cyclic.block.miner.ScreenMiner": {
        "playerSideOnly": true
    },
    "com.lothrazar.cyclic.block.screen.ScreenScreentext": {
        "ignore": true
    },
    "com.lothrazar.cyclic.block.screen.ContainerScreentext": {
        "ignore": true
    },
    "com.lothrazar.cyclic.block.anvilmagma.ScreenAnvilMagma": {
        "playerSideOnly": true
    },
    "com.lothrazar.cyclic.block.uncrafter.ScreenUncraft": {
        "playerSideOnly": true,
        "buttonHints": {
            "SORT": {
                "horizontalOffset": -42,
                "bottom": -12
            },
            "SORT_COLUMNS": {
                "horizontalOffset": -30,
                "bottom": -24
            },
            "SORT_ROWS": {
                "horizontalOffset": -18,
                "bottom": -36
            }
        }
    },
    "com.lothrazar.cyclic.block.crafter.ScreenCrafter": {
        "playerSideOnly": true,
        "buttonHints": {
            "SORT": {
                "bottom": 21
            },
            "SORT_COLUMNS": {
                "bottom": 21
            },
            "SORT_ROWS": {
                "bottom": 21
            }
        }
    },
    "com.lothrazar.cyclic.block.shapedata.ScreenShapedata": {
        "playerSideOnly": true,
        "buttonHints": {
            "SORT": {
                "horizontalOffset": -42,
                "bottom": -12
            },
            "SORT_COLUMNS": {
                "horizontalOffset": -30,
                "bottom": -25
            },
            "SORT_ROWS": {
                "horizontalOffset": -18,
                "bottom": -38
            }
        }
    },
    "com.lothrazar.cyclic.block.workbench.ScreenWorkbench": {
        "playerSideOnly": true,
        "buttonHints": {
            "SORT": {
                "horizontalOffset": -42,
                "bottom": -12
            },
            "SORT_COLUMNS": {
                "horizontalOffset": -30,
                "bottom": -24
            },
            "SORT_ROWS": {
                "horizontalOffset": -18,
                "bottom": -36
            }
        }
    },
    "com.lothrazar.cyclic.block.fishing.ScreenFisher": {
        "playerSideOnly": true
    },
    "com.lothrazar.cyclic.block.laser.ScreenLaser": {
        "playerSideOnly": true,
        "buttonHints": {
            "SORT": {
                "bottom": 21
            },
            "SORT_COLUMNS": {
                "bottom": 21
            },
            "SORT_ROWS": {
                "bottom": 21
            }
        }
    },
    "com.lothrazar.cyclic.block.anvilvoid.ScreenAnvilVoid": {
        "playerSideOnly": true
    },
    "com.lothrazar.cyclic.block.wireless.energy.ScreenWirelessEnergy": {
        "playerSideOnly": true
    },
    "com.lothrazar.cyclic.block.wireless.item.ScreenWirelessItem": {
        "playerSideOnly": true
    },
    "com.lothrazar.cyclic.block.wireless.fluid.ScreenWirelessFluid": {
        "playerSideOnly": true
    },
    "com.lothrazar.cyclic.block.generatorfuel.ScreenGeneratorFuel": {
        "playerSideOnly": true
    },
    "com.lothrazar.cyclic.block.generatorfood.ScreenGeneratorFood": {
        "playerSideOnly": true
    },
    "com.lothrazar.cyclic.block.generatoritem.ScreenGeneratorDrops": {
        "playerSideOnly": true
    },
    "com.lothrazar.cyclic.block.generatorfluid.ScreenGeneratorFluid": {
        "playerSideOnly": true
    },
    "com.lothrazar.cyclic.block.packager.ScreenPackager": {
        "playerSideOnly": true
    },
    "com.lothrazar.cyclic.block.soundrecord.ScreenSoundRecorder": {
        "playerSideOnly": true,
        "buttonHints": {
            "SHOW_EDITOR": {
                "horizontalOffset": 2
            },
            "SORT": {
                "horizontalOffset": 35
            },
            "SORT_COLUMNS": {
                "horizontalOffset": 35
            },
            "SORT_ROWS": {
                "horizontalOffset": 35
            }
        }
    },
    "com.lothrazar.cyclic.block.soundplay.ScreenSoundPlayer": {
        "playerSideOnly": true
    },
    "com.lothrazar.cyclic.block.crusher.ScreenCrusher": {
        "playerSideOnly": true
    },
    "com.lothrazar.cyclic.block.tp.ScreenTeleport": {
        "playerSideOnly": true
    },
    "com.lothrazar.cyclic.block.generatorpeat.ScreenGeneratorPeat": {
        "playerSideOnly": true
    }
}