{
    "net.blay09.mods.farmingforblockheads.client.gui.screen.MarketScreen": {
        "ignore": true,
        "playerSideOnly": true,
        "buttonHints": {
            "SORT": {
                "horizontalOffset": -40,
                "bottom": -10
            },
            "SORT_COLUMNS": {
                "horizontalOffset": -28,
                "bottom": -22
            },
            "SORT_ROWS": {
                "horizontalOffset": -16,
                "bottom": -34
            }
        }
    }
}