{
    "com.progwml6.ironchest.client.screen.IronChestScreen": {
        "buttonHints": {
            "MOVE_TO_PLAYER": {
                "horizontalOffset": 4
            },
            "SORT": {
                "horizontalOffset": 4
            },
            "SORT_COLUMNS": {
                "horizontalOffset": 4
            },
            "SORT_ROWS": {
                "horizontalOffset": 4
            },
            "MOVE_TO_CONTAINER": {
                "horizontalOffset": 4
            }
        }
    }
}