{
    "net.minecraft.client.gui.screen.inventory.CreativeScreen": {
        "buttonHints": {
            "SHOW_EDITOR": {
                "horizontalOffset": 47,
                "top": -8
            }
        }
    },
    "net.minecraft.client.gui.screen.inventory.InventoryScreen": {
        "buttonHints": {
            "SHOW_EDITOR": {
                "horizontalOffset": 47,
                "top": -8
            }
        }
    },
    "net.minecraft.client.gui.screen.inventory.CraftingScreen": {
        "buttonHints": {
            "SHOW_EDITOR": {
                "horizontalOffset": 47,
                "top": -8
            }
        }
    },
    "net.minecraft.client.gui.screen.inventory.ChestScreen": {
        "buttonHints": {
            "SHOW_EDITOR": {
                "horizontalOffset": 47,
                "top": -8
            }
        }
    },
    "appeng.client.gui.me.items.ItemTerminalScreen": {
        "playerSideOnly": true,
        "buttonHints": {
            "SORT": {
                "horizontalOffset": 19
            },
            "SHOW_EDITOR": {
                "horizontalOffset": 47,
                "top": -8
            },
            "SORT_COLUMNS": {
                "horizontalOffset": 19
            },
            "SORT_ROWS": {
                "horizontalOffset": 19
            }
        }
    },
    "com.almostreliable.lazierae2.gui.MachineScreen": {
        "ignore": true
    },
    "shadows.apotheosis.village.fletching.FletchingScreen": {
        "ignore": true
    },
    "appeng.client.gui.implementations.SkyChestScreen": {
        "buttonHints": {
            "MOVE_TO_PLAYER": {
                "top": 6
            },
            "SORT": {
                "top": 6
            },
            "SORT_COLUMNS": {
                "top": 6
            },
            "SORT_ROWS": {
                "top": 6
            }
        }
    },
    "appeng.client.gui.implementations.GrinderScreen": {
        "playerSideOnly": true
    },
    "appeng.client.gui.implementations.SpatialIOPortScreen": {
        "playerSideOnly": true
    },
    "appeng.fluids.client.gui.FluidInterfaceScreen": {
        "playerSideOnly": true
    },
    "appeng.client.gui.implementations.CellWorkbenchScreen": {
        "playerSideOnly": true
    },
    "appeng.client.gui.implementations.IOPortScreen": {
        "playerSideOnly": true
    },
    "tfar.ae2wt.wirelesscraftingterminal.WirelessCraftingTerminalScreen": {
        "playerSideOnly": true,
        "buttonHints": {
            "SORT": {
                "horizontalOffset": 24,
                "bottom": 22
            },
            "SORT_COLUMNS": {
                "horizontalOffset": 24,
                "bottom": 22
            },
            "SORT_ROWS": {
                "horizontalOffset": 24,
                "bottom": 22
            }
        }
    },
    "tfar.ae2wt.wpt.WirelessPatternTerminalScreen": {
        "playerSideOnly": true,
        "buttonHints": {
            "SORT": {
                "horizontalOffset": 19
            },
            "SORT_COLUMNS": {
                "horizontalOffset": 19
            },
            "SORT_ROWS": {
                "horizontalOffset": 19
            }
        }
    },
    "tfar.ae2wt.wirelessinterfaceterminal.WITScreen": {
        "playerSideOnly": true,
        "buttonHints": {
            "SORT": {
                "horizontalOffset": 19
            },
            "SORT_COLUMNS": {
                "horizontalOffset": 19
            },
            "SORT_ROWS": {
                "horizontalOffset": 19
            }
        }
    },
    "appeng.client.gui.implementations.StorageBusScreen": {
        "playerSideOnly": true
    },
    "appeng.fluids.client.gui.FluidStorageBusScreen": {
        "playerSideOnly": true
    },
    "appeng.fluids.client.gui.FluidIOBusScreen": {
        "playerSideOnly": true
    },
    "appeng.client.gui.implementations.LevelEmitterScreen": {
        "playerSideOnly": true
    },
    "appeng.fluids.client.gui.FluidLevelEmitterScreen": {
        "playerSideOnly": true
    },
    "appeng.client.gui.me.items.PatternTermScreen": {
        "playerSideOnly": true,
        "buttonHints": {
            "SORT": {
                "horizontalOffset": 19
            },
            "SORT_COLUMNS": {
                "horizontalOffset": 19
            },
            "SORT_ROWS": {
                "horizontalOffset": 19
            }
        }
    },
    "appeng.client.gui.me.items.CraftingTermScreen": {
        "playerSideOnly": true,
        "buttonHints": {
            "SORT": {
                "horizontalOffset": 19
            },
            "SORT_COLUMNS": {
                "horizontalOffset": 19
            },
            "SORT_ROWS": {
                "horizontalOffset": 19
            }
        }
    },
    "appeng.client.gui.me.interfaceterminal.InterfaceTerminalScreen": {
        "playerSideOnly": true,
        "buttonHints": {
            "SORT": {
                "horizontalOffset": 19
            },
            "SORT_COLUMNS": {
                "horizontalOffset": 19
            },
            "SORT_ROWS": {
                "horizontalOffset": 19
            }
        }
    },
    "appeng.client.gui.me.fluids.FluidTerminalScreen": {
        "playerSideOnly": true,
        "buttonHints": {
            "SORT": {
                "horizontalOffset": 19
            },
            "SORT_COLUMNS": {
                "horizontalOffset": 19
            },
            "SORT_ROWS": {
                "horizontalOffset": 19
            }
        }
    },
    "net.bullfighter.avaritia.gui.NeutronCollectorGuiGuiWindow": {
        "playerSideOnly": true
    },
    "net.bullfighter.avaritia.gui.NeutroniumCompressorGuiGuiWindow": {
        "playerSideOnly": true
    },
    "net.bullfighter.avaritia.gui.ExtremeCraftingTableGuiGuiWindow": {
        "playerSideOnly": true,
        "buttonHints": {
            "SORT": {
                "horizontalOffset": 2,
                "bottom": 2
            },
            "SORT_COLUMNS": {
                "horizontalOffset": 2,
                "bottom": 2
            },
            "SORT_ROWS": {
                "horizontalOffset": 2,
                "bottom": 2
            }
        }
    },
    "thetestmod.bettercrates.gui.GuiBase9Rows": {
        "buttonHints": {
            "MOVE_TO_CONTAINER": {
                "horizontalOffset": -18,
                "bottom": -12
            },
            "MOVE_TO_PLAYER": {
                "horizontalOffset": -18
            },
            "SORT": {
                "horizontalOffset": -54,
                "top": 12
            },
            "SORT_COLUMNS": {
                "horizontalOffset": -42,
                "top": 24
            },
            "SORT_ROWS": {
                "horizontalOffset": -30,
                "top": 36
            }
        }
    },
    "thetestmod.bettercrates.gui.GuiBase13Rows": {
        "buttonHints": {
            "MOVE_TO_CONTAINER": {
                "horizontalOffset": 22,
                "bottom": -12
            },
            "MOVE_TO_PLAYER": {
                "horizontalOffset": -18
            },
            "SORT": {
                "horizontalOffset": -54,
                "top": 12
            },
            "SORT_COLUMNS": {
                "horizontalOffset": -42,
                "top": 24
            },
            "SORT_ROWS": {
                "horizontalOffset": -30,
                "top": 36
            }
        }
    },
    "wayoftime.bloodmagic.client.screens.ScreenSoulForge": {
        "playerSideOnly": true
    },
    "wayoftime.bloodmagic.client.screens.ScreenAlchemicalReactionChamber": {
        "playerSideOnly": true
    },
    "wayoftime.bloodmagic.client.screens.ScreenAlchemyTable": {
        "playerSideOnly": true
    },
    "com.brandon3055.draconicevolution.client.gui.GuiGenerator": {
        "ignore": true
    },
    "com.brandon3055.draconicevolution.client.gui.GuiGrinder": {
        "ignore": true
    },
    "com.brandon3055.draconicevolution.client.gui.GuiEnergyTransfuser": {
        "ignore": true
    },
    "com.brandon3055.draconicevolution.client.gui.GuiDraconiumChest": {
        "buttonHints": {
            "MOVE_TO_CONTAINER": {
                "horizontalOffset": 140,
                "bottom": -15
            },
            "MOVE_TO_PLAYER": {
                "top": -16
            },
            "SORT": {
                "top": -16
            },
            "SORT_COLUMNS": {
                "top": -16
            },
            "SORT_ROWS": {
                "top": -16
            }
        }
    },
    "com.brandon3055.draconicevolution.client.gui.GuiFlowGate": {
        "ignore": true
    },
    "com.brandon3055.draconicevolution.client.gui.GuiFusionCraftingCore": {
        "playerSideOnly": true,
        "buttonHints": {
            "SORT": {
                "horizontalOffset": 21,
                "bottom": -1
            },
            "SORT_COLUMNS": {
                "horizontalOffset": 21,
                "bottom": -1
            },
            "SORT_ROWS": {
                "horizontalOffset": 21,
                "bottom": -1
            }
        }
    },
    "codechicken.enderstorage.client.gui.GuiEnderItemStorage": {
        "buttonHints": {
            "MOVE_TO_CONTAINER": {
                "bottom": -1
            }
        }
    },
    "com.valkyrieofnight.envirotech.m_voidminer.ui.VoidMinerGUI": {
        "ignore": true
    },
    "com.blakebr0.extendedcrafting.client.screen.UltimateAutoTableScreen": {
        "playerSideOnly": true,
        "buttonHints": {
            "SORT": {
                "horizontalOffset": 39
            },
            "SORT_COLUMNS": {
                "horizontalOffset": 39
            },
            "SORT_ROWS": {
                "horizontalOffset": 39
            },
            "SHOW_EDITOR": {
                "horizontalOffset": -1
            }
        }
    },
    "blusunrize.immersiveengineering.client.gui.ToolboxBlockScreen": {
        "playerSideOnly": true,
        "buttonHints": {
            "SORT": {
                "bottom": -2
            },
            "SORT_COLUMNS": {
                "bottom": -2
            },
            "SORT_ROWS": {
                "bottom": -2
            }
        }
    },
    "com.hrznstudio.titanium.client.screen.container.BasicAddonScreen": {
        "ignore": true,
        "playerSideOnly": true,
        "buttonHints": {
            "SORT": {
                "horizontalOffset": 146,
                "bottom": -12
            },
            "SORT_COLUMNS": {
                "horizontalOffset": 158,
                "bottom": -24
            },
            "SORT_ROWS": {
                "horizontalOffset": 170,
                "bottom": -36
            },
            "SHOW_EDITOR": {
                "horizontalOffset": 5
            }
        }
    },
    "knightminer.inspirations.building.client.ShelfScreen": {
        "buttonHints": {
            "MOVE_TO_CONTAINER": {
                "bottom": -1
            }
        }
    },
    "mekanism.client.gui.machine.GuiFactory": {
        "playerSideOnly": true,
        "buttonHints": {
            "SORT": {
                "horizontalOffset": -42,
                "bottom": -13
            },
            "SORT_COLUMNS": {
                "horizontalOffset": -30,
                "bottom": -25
            },
            "SORT_ROWS": {
                "horizontalOffset": -18,
                "bottom": -37
            }
        }
    },
    "mekanism.client.gui.item.GuiPersonalChestItem": {
        "buttonHints": {
            "MOVE_TO_PLAYER": {
                "top": 9
            },
            "SORT": {
                "top": 9
            },
            "SORT_COLUMNS": {
                "top": 9
            },
            "SORT_ROWS": {
                "top": 9
            }
        }
    },
    "mekanism.client.gui.machine.GuiFormulaicAssemblicator": {
        "playerSideOnly": true
    },
    "mekanism.client.gui.qio.GuiQIODashboard": {
        "ignore": true
    },
    "mob_grinding_utils.inventory.client.GuiFan": {
        "playerSideOnly": true,
        "buttonHints": {
            "SORT": {
                "bottom": 74
            },
            "SORT_COLUMNS": {
                "bottom": 74
            },
            "SORT_ROWS": {
                "bottom": 74
            }
        }
    },
    "mob_grinding_utils.inventory.client.GuiSaw": {
        "playerSideOnly": true,
        "buttonHints": {
            "SORT": {
                "bottom": 92
            },
            "SORT_COLUMNS": {
                "bottom": 92
            },
            "SORT_ROWS": {
                "bottom": 92
            }
        }
    },
    "mob_grinding_utils.inventory.client.GuiAbsorptionHopper": {
        "playerSideOnly": true
    },
    "mob_grinding_utils.inventory.client.GuiMGUSpawner": {
        "playerSideOnly": true
    },
    "com.alc.moreminecarts.client.ChunkLoaderScreen": {
        "playerSideOnly": true
    },
    "com.alc.moreminecarts.client.FlagCartScreen": {
        "playerSideOnly": true
    },
    "com.alc.moreminecarts.client.TankCartScreen": {
        "playerSideOnly": true
    },
    "com.alc.moreminecarts.client.BatteryCartScreen": {
        "playerSideOnly": true
    },
    "com.alc.moreminecarts.client.MinecartUnLoaderScreen": {
        "playerSideOnly": true
    },
    "com.mrcrayfish.furniture.client.gui.screen.inventory.CrateScreen": {
        "buttonHints": {
            "MOVE_TO_CONTAINER": {
                "bottom": -1
            }
        }
    },
    "com.mrcrayfish.furniture.client.gui.screen.inventory.FreezerScreen": {
        "playerSideOnly": true
    },
    "corgiaoc.byg.client.gui.screens.HypogealImperiumScreen": {
        "playerSideOnly": true
    },
    "me.desht.pneumaticcraft.client.gui.GuiElevator": {
        "playerSideOnly": true
    },
    "me.desht.pneumaticcraft.client.gui.GuiSecurityStationInventory": {
        "playerSideOnly": true,
        "buttonHints": {
            "SORT": {
                "horizontalOffset": -42,
                "bottom": -12
            },
            "SORT_COLUMNS": {
                "horizontalOffset": -30,
                "bottom": -24
            },
            "SORT_ROWS": {
                "horizontalOffset": -18,
                "bottom": -36
            }
        }
    },
    "me.desht.pneumaticcraft.client.gui.GuiFluidTank": {
        "ignore": true
    },
    "me.desht.pneumaticcraft.client.gui.GuiSmartChest": {
        "buttonHints": {
            "MOVE_TO_CONTAINER": {
                "horizontalOffset": 46,
                "bottom": -8
            },
            "MOVE_TO_PLAYER": {
                "horizontalOffset": 4
            },
            "SORT": {
                "horizontalOffset": 4
            },
            "SORT_COLUMNS": {
                "horizontalOffset": 4
            },
            "SORT_ROWS": {
                "horizontalOffset": 4
            }
        }
    },
    "owmii.powah.client.screen.container.EnergyCellScreen": {
        "ignore": true
    },
    "owmii.powah.client.screen.container.EnderCellScreen": {
        "ignore": true
    },
    "owmii.powah.client.screen.container.FurnatorScreen": {
        "ignore": true
    },
    "owmii.powah.client.screen.container.MagmatorScreen": {
        "ignore": true
    },
    "owmii.powah.client.screen.container.ThermoScreen": {
        "ignore": true
    },
    "owmii.powah.client.screen.container.SolarScreen": {
        "ignore": true
    },
    "owmii.powah.client.screen.container.ReactorScreen": {
        "ignore": true
    },
    "owmii.powah.client.screen.container.PlayerTransmitterScreen": {
        "ignore": true
    },
    "owmii.powah.client.screen.container.EnergyHopperScreen": {
        "ignore": true
    },
    "owmii.powah.client.screen.container.DischargerScreen": {
        "ignore": true
    },
    "mcjty.rftoolsutility.modules.crafter.client.GuiCrafter": {
        "ignore": true
    },
    "net.geforcemods.securitycraft.screen.KeycardReaderScreen": {
        "playerSideOnly": true
    },
    "com.jaquadro.minecraft.storagedrawers.inventory.DrawerScreen$Slot1": {
        "playerSideOnly": true
    },
    "com.jaquadro.minecraft.storagedrawers.inventory.DrawerScreen$Slot2": {
        "playerSideOnly": true
    },
    "com.jaquadro.minecraft.storagedrawers.inventory.DrawerScreen$Slot4": {
        "playerSideOnly": true
    },
    "com.jaquadro.minecraft.storagedrawers.inventory.DrawerScreen$Compacting": {
        "playerSideOnly": true
    },
    "slimeknights.tconstruct.tables.client.inventory.TinkerChestScreen": {
        "buttonHints": {
            "MOVE_TO_CONTAINER": {
                "bottom": -1
            }
        }
    },
    "slimeknights.tconstruct.smeltery.client.inventory.HeatingStructureScreen": {
        "ignore": true
    },
    "slimeknights.tconstruct.smeltery.client.inventory.MelterScreen": {
        "ignore": true
    },
    "slimeknights.mantle.client.screen.BackgroundContainerScreen": {
        "ignore": true
    },
    "com.lothrazar.cyclic.item.crafting.CraftingBagScreen": {
        "playerSideOnly": true,
        "buttonHints": {
            "SORT": {
                "horizontalOffset": -42,
                "bottom": -12
            },
            "SORT_COLUMNS": {
                "horizontalOffset": -30,
                "bottom": -24
            },
            "SORT_ROWS": {
                "horizontalOffset": -18,
                "bottom": -36
            }
        }
    },
    "com.lothrazar.cyclic.item.craftingsimple.CraftingStickScreen": {
        "playerSideOnly": true,
        "buttonHints": {
            "SORT": {
                "horizontalOffset": -42,
                "bottom": -12
            },
            "SORT_COLUMNS": {
                "horizontalOffset": -30,
                "bottom": -24
            },
            "SORT_ROWS": {
                "horizontalOffset": -18,
                "bottom": -36
            }
        }
    },
    "com.teammetallurgy.atum.client.gui.block.GodforgeScreen": {
        "playerSideOnly": true
    },
    "superlord.prehistoricfauna.client.render.tileentity.gui.PaleontologyTableScreen": {
        "playerSideOnly": true,
        "buttonHints": {
            "SORT": {
                "horizontalOffset": -41,
                "bottom": -12
            },
            "SORT_COLUMNS": {
                "horizontalOffset": -29,
                "bottom": -24
            },
            "SORT_ROWS": {
                "horizontalOffset": -17,
                "bottom": -36
            }
        }
    },
    "superlord.prehistoricfauna.client.render.tileentity.gui.PaleoscribeScreen": {
        "playerSideOnly": true,
        "buttonHints": {
            "SORT": {
                "bottom": -1
            },
            "SORT_COLUMNS": {
                "bottom": -1
            },
            "SORT_ROWS": {
                "bottom": -1
            }
        }
    },
    "cy.jdkdigital.productivebees.container.gui.AdvancedBeehiveScreen": {
        "ignore": true,
        "playerSideOnly": true,
        "buttonHints": {
            "SORT": {
                "horizontalOffset": -29,
                "bottom": -16
            },
            "SORT_COLUMNS": {
                "horizontalOffset": -17,
                "bottom": -28
            },
            "SORT_ROWS": {
                "horizontalOffset": -5,
                "bottom": -40
            }
        }
    },
    "androsa.gaiadimension.block.inventory.AgateCraftingScreen": {
        "playerSideOnly": true,
        "buttonHints": {
            "SORT": {
                "horizontalOffset": 1
            },
            "SORT_COLUMNS": {
                "horizontalOffset": 1
            },
            "SORT_ROWS": {
                "horizontalOffset": 1
            }
        }
    },
    "androsa.gaiadimension.block.inventory.SmallCrateScreen": {
        "buttonHints": {
            "MOVE_TO_CONTAINER": {
                "bottom": -1
            }
        }
    },
    "androsa.gaiadimension.block.inventory.LargeCrateScreen": {
        "buttonHints": {
            "MOVE_TO_CONTAINER": {
                "horizontalOffset": 8
            },
            "MOVE_TO_PLAYER": {
                "horizontalOffset": 8
            },
            "SORT": {
                "horizontalOffset": 8
            },
            "SORT_COLUMNS": {
                "horizontalOffset": 8
            },
            "SORT_ROWS": {
                "horizontalOffset": 8
            }
        }
    },
    "androsa.gaiadimension.block.inventory.GaiaStoneFurnaceScreen": {
        "playerSideOnly": true
    },
    "androsa.gaiadimension.block.inventory.RestructurerScreen": {
        "playerSideOnly": true
    },
    "androsa.gaiadimension.block.inventory.PurifierScreen": {
        "playerSideOnly": true
    },
    "com.the9grounds.aeadditions.client.gui.me.chemical.ChemicalTerminalScreen": {
        "playerSideOnly": true
    },
    "com.the9grounds.aeadditions.client.gui.me.chemical.ChemicalIOBusScreen": {
        "playerSideOnly": true
    },
    "com.valkyrieofnight.envirocore.m_machines.m_mem_progrm.ui.client.MemProgrmGui": {
        "playerSideOnly": true
    },
    "com.brandon3055.draconicevolution.client.gui.modular.GuiModularItem": {
        "playerSideOnly": true
    },
    "com.the9grounds.aeadditions.client.gui.me.chemical.ChemicalInterfaceScreen": {
        "playerSideOnly": true
    },
    "com.refinedmods.refinedpipes.screen.ExtractorAttachmentScreen": {
        "ignore": true,
        "playerSideOnly": true
    },
    "net.mrscauthd.boss_tools.gui.screens.nasaworkbench.NasaWorkbenchGuiWindow": {
        "playerSideOnly": true
    },
    "net.mrscauthd.boss_tools.gui.screens.solarpanel.SolarPanelGuiWindow": {
        "ignore": true
    },
    "net.mrscauthd.boss_tools.gui.screens.coalgenerator.CoalGeneratorGuiWindow": {
        "playerSideOnly": true
    },
    "net.mrscauthd.boss_tools.gui.screens.blastfurnace.BlastFurnaceGuiWindow": {
        "playerSideOnly": true,
        "buttonHints": {
            "SORT": {
                "horizontalOffset": 1,
                "bottom": 3
            },
            "SORT_COLUMNS": {
                "horizontalOffset": 1,
                "bottom": 3
            },
            "SORT_ROWS": {
                "horizontalOffset": 1,
                "bottom": 3
            }
        }
    },
    "net.mrscauthd.boss_tools.gui.screens.compressor.CompressorGuiWindow": {
        "playerSideOnly": true,
        "buttonHints": {
            "SORT": {
                "horizontalOffset": 1
            },
            "SORT_COLUMNS": {
                "horizontalOffset": 1
            },
            "SORT_ROWS": {
                "horizontalOffset": 1
            }
        }
    },
    "net.mrscauthd.boss_tools.gui.screens.fuelrefinery.FuelRefineryGuiWindow": {
        "playerSideOnly": true,
        "buttonHints": {
            "SORT": {
                "horizontalOffset": 1
            },
            "SORT_COLUMNS": {
                "horizontalOffset": 1
            },
            "SORT_ROWS": {
                "horizontalOffset": 1
            }
        }
    },
    "net.mrscauthd.boss_tools.gui.screens.oxygenloader.OxygenLoaderGuiWindow": {
        "playerSideOnly": true,
        "buttonHints": {
            "SORT": {
                "horizontalOffset": 1
            },
            "SORT_COLUMNS": {
                "horizontalOffset": 1
            },
            "SORT_ROWS": {
                "horizontalOffset": 1
            }
        }
    },
    "net.mrscauthd.boss_tools.gui.screens.oxygenbubbledistributor.OxygenBubbleDistributorGuiWindow": {
        "ignore": true
    },
    "net.mrscauthd.boss_tools.gui.screens.waterpump.WaterPumpGuiWindow": {
        "playerSideOnly": true,
        "buttonHints": {
            "SORT": {
                "horizontalOffset": 1
            },
            "SORT_COLUMNS": {
                "horizontalOffset": 1
            },
            "SORT_ROWS": {
                "horizontalOffset": 1
            }
        }
    },
    "net.mrscauthd.boss_tools.gui.screens.rover.RoverGuiWindow": {
        "playerSideOnly": true
    },
    "net.mrscauthd.boss_tools.gui.screens.rocket.RocketGuiWindow": {
        "playerSideOnly": true
    }
}