{
    "mcjty.rftoolsbase.modules.infuser.client.GuiMachineInfuser": {
        "ignore": true
    },
    "mcjty.rftoolsbase.modules.crafting.client.GuiCraftingCard": {
        "ignore": true
    },
    "mcjty.rftoolsbase.modules.crafting.items.CraftingCardContainer": {
        "ignore": true
    },
    "mcjty.rftoolsbase.modules.tablet.client.GuiTablet": {
        "ignore": true
    },
    "mcjty.rftoolsbase.modules.tablet.items.TabletContainer": {
        "ignore": true
    },
    "mcjty.rftoolsbase.modules.filter.client.GuiFilterModule": {
        "ignore": true
    },
    "mcjty.rftoolsbase.modules.filter.items.FilterModuleContainer": {
        "ignore": true
    },
    "mcjty.rftoolspower.modules.blazing.client.GuiBlazingGenerator": {
        "ignore": true
    },
    "mcjty.rftoolspower.modules.blazing.client.GuiBlazingAgitator": {
        "ignore": true
    },
    "mcjty.rftoolspower.modules.blazing.client.GuiBlazingInfuser": {
        "ignore": true
    },
    "mcjty.rftoolspower.modules.dimensionalcell.client.GuiDimensionalCell": {
        "ignore": true
    },
    "mcjty.rftoolspower.modules.endergenic.client.GuiEnderMonitor": {
        "ignore": true
    },
    "mcjty.rftoolspower.modules.endergenic.client.GuiPearlInjector": {
        "ignore": true
    },
    "mcjty.rftoolspower.modules.endergenic.client.GuiEndergenic": {
        "ignore": true
    },
    "mcjty.rftoolspower.modules.generator.client.GuiCoalGenerator": {
        "ignore": true
    },
    "mcjty.rftoolspower.modules.monitor.client.GuiPowerMonitor": {
        "ignore": true
    },
    "mcjty.rftoolsbuilder.modules.builder.client.GuiBuilder": {
        "ignore": true
    },
    "mcjty.rftoolsbuilder.modules.shield.client.GuiShield": {
        "ignore": true
    },
    "mcjty.xnet.modules.controller.client.GuiController": {
        "ignore": true
    },
    "mcjty.xnet.modules.router.client.GuiRouter": {
        "ignore": true
    },
    "mcjty.xnet.modules.wireless.client.GuiWirelessRouter": {
        "ignore": true
    },
    "mcjty.rftoolsstorage.modules.craftingmanager.client.GuiCraftingManager": {
        "ignore": true
    },
    "mcjty.rftoolsstorage.modules.craftingmanager.blocks.CraftingManagerContainer": {
        "ignore": true
    },
    "mcjty.rftoolsstorage.modules.modularstorage.client.GuiModularStorage": {
        "ignore": true
    },
    "mcjty.rftoolsstorage.modules.modularstorage.blocks.ModularStorageContainer": {
        "ignore": true
    },
    "mcjty.rftoolsstorage.modules.scanner.client.GuiStorageScanner": {
        "ignore": true
    },
    "mcjty.rftoolsstorage.modules.scanner.blocks.StorageScannerContainer": {
        "ignore": true
    },
    "mcjty.rftoolscontrol.modules.craftingstation.client.GuiCraftingStation": {
        "ignore": true
    },
    "mcjty.rftoolscontrol.modules.multitank.client.GuiMultiTank": {
        "ignore": true
    },
    "mcjty.rftoolscontrol.modules.processor.client.GuiProcessor": {
        "ignore": true
    },
    "mcjty.rftoolscontrol.modules.programmer.client.GuiProgrammer": {
        "ignore": true,
        "buttonHints": {
            "SORT": {
                "horizontalOffset": -42,
                "bottom": -14
            },
            "SORT_COLUMNS": {
                "horizontalOffset": -30,
                "bottom": -26
            },
            "SORT_ROWS": {
                "horizontalOffset": -18,
                "bottom": -38
            }
        }
    },
    "mcjty.rftoolscontrol.modules.various.client.GuiNode": {
        "ignore": true
    },
    "mcjty.rftoolsutility.modules.logic.client.GuiAnalog": {
        "ignore": true
    },
    "mcjty.rftoolsutility.modules.logic.client.GuiInvChecker": {
        "ignore": true
    },
    "mcjty.rftoolsutility.modules.logic.client.GuiCounter": {
        "ignore": true
    },
    "mcjty.rftoolsutility.modules.logic.client.GuiSensor": {
        "ignore": true
    },
    "mcjty.rftoolsutility.modules.logic.client.GuiSequencer": {
        "ignore": true
    },
    "mcjty.rftoolsutility.modules.logic.client.GuiThreeLogic": {
        "ignore": true
    },
    "mcjty.rftoolsutility.modules.logic.client.GuiTimer": {
        "ignore": true
    },
    "mcjty.rftoolsutility.modules.logic.client.GuiRedstoneReceiver": {
        "ignore": true
    },
    "mcjty.rftoolsutility.modules.logic.client.GuiRedstoneTransmitter": {
        "ignore": true
    },
    "mcjty.rftoolsutility.modules.screen.client.GuiScreenController": {
        "ignore": true
    },
    "mcjty.rftoolsutility.modules.screen.client.GuiScreen": {
        "ignore": true
    },
    "mcjty.rftoolsutility.modules.screen.blocks.ScreenContainer": {
        "ignore": true
    },
    "mcjty.rftoolsutility.modules.spawner.client.GuiMatterBeamer": {
        "ignore": true
    },
    "mcjty.rftoolsutility.modules.spawner.client.GuiSpawner": {
        "ignore": true
    },
    "mcjty.rftoolsutility.modules.tank.client.GuiTank": {
        "ignore": true
    },
    "mcjty.rftoolsutility.modules.teleporter.client.GuiMatterTransmitter": {
        "ignore": true
    },
    "mcjty.rftoolsutility.modules.teleporter.client.GuiMatterReceiver": {
        "ignore": true
    },
    "mcjty.rftoolsutility.modules.teleporter.client.GuiDialingDevice": {
        "ignore": true
    },
    "mcjty.rftoolsutility.modules.environmental.client.GuiEnvironmentalController": {
        "ignore": true
    }
}