{
    "ModSettings": {
        "highlight_foused_items": false,
        "enable_lock_slots": false,
        "enable_lock_slots_per_server": false,
        "first_run": false
    },
    "GuiSettings": {
        "enable_profiles_ui": false,
        "enable_inventory_editor_button": false,
        "continuous_crafting_saved_value": false
    },
    "LockedSlotsSettings": {
        "lock_slots_switch_config_modifier": {
            "main": {
                "keys": ""
            }
        },
        "show_locked_slots_background": false,
        "show_locked_slots_foreground": false,
        "also_show_locked_slots_in_hotbar": false
    },
    "AutoRefillSettings": {
        "tool_damage_threshold": 0,
        "audio_durability_notification": false,
        "visual_replace_success_notification": false,
        "audio_replace_success_notification": false,
        "visual_replace_failed_notification": false,
        "audio_replace_failed_notification": false
    },
    "Hotkeys": {
        "sort_inventory": {
            "main": {
                "keys": "BUTTON_3"
            }
        }
    }
}