{
    "cofh.thermal.expansion.client.gui.machine.MachineFurnaceScreen": {
        "playerSideOnly": true,
        "buttonHints": {
            "SHOW_EDITOR": {
                "horizontalOffset": 2
            }
        }
    },
    "cofh.thermal.core.client.gui.device.DeviceHiveExtractorScreen": {
        "playerSideOnly": true
    },
    "cofh.thermal.core.client.gui.device.DeviceTreeExtractorScreen": {
        "playerSideOnly": true
    },
    "cofh.thermal.core.client.gui.device.DeviceFisherScreen": {
        "playerSideOnly": true
    },
    "cofh.thermal.core.client.gui.device.DeviceSoilInfuserScreen": {
        "playerSideOnly": true
    },
    "cofh.thermal.core.client.gui.device.DeviceWaterGenScreen": {
        "playerSideOnly": true
    },
    "cofh.thermal.core.client.gui.device.DeviceRockGenScreen": {
        "playerSideOnly": true
    },
    "cofh.thermal.core.client.gui.device.DeviceCollectorScreen": {
        "playerSideOnly": true
    },
    "cofh.thermal.core.client.gui.device.DevicePotionDiffuserScreen": {
        "playerSideOnly": true
    },
    "cofh.thermal.core.client.gui.device.DeviceNullifierScreen": {
        "playerSideOnly": true
    },
    "cofh.thermal.core.client.gui.TinkerBenchScreen": {
        "playerSideOnly": true
    },
    "cofh.thermal.core.client.gui.ChargeBenchScreen": {
        "playerSideOnly": true
    },
    "cofh.thermal.core.client.gui.storage.EnergyCellScreen": {
        "playerSideOnly": true
    },
    "cofh.thermal.core.client.gui.storage.FluidCellScreen": {
        "playerSideOnly": true
    },
    "cofh.thermal.expansion.client.gui.machine.MachineSawmillScreen": {
        "playerSideOnly": true
    },
    "cofh.thermal.expansion.client.gui.machine.MachinePulverizerScreen": {
        "playerSideOnly": true
    },
    "cofh.thermal.expansion.client.gui.machine.MachineSmelterScreen": {
        "playerSideOnly": true
    },
    "cofh.thermal.expansion.client.gui.machine.MachineInsolatorScreen": {
        "playerSideOnly": true
    },
    "cofh.thermal.expansion.client.gui.machine.MachineCentrifugeScreen": {
        "playerSideOnly": true
    },
    "cofh.thermal.expansion.client.gui.machine.MachinePressScreen": {
        "playerSideOnly": true
    },
    "cofh.thermal.expansion.client.gui.machine.MachineCrucibleScreen": {
        "playerSideOnly": true
    },
    "cofh.thermal.expansion.client.gui.machine.MachineChillerScreen": {
        "playerSideOnly": true
    },
    "cofh.thermal.expansion.client.gui.machine.MachineRefineryScreen": {
        "playerSideOnly": true
    },
    "cofh.thermal.expansion.client.gui.machine.MachinePyrolyzerScreen": {
        "playerSideOnly": true
    },
    "cofh.thermal.expansion.client.gui.machine.MachineBottlerScreen": {
        "playerSideOnly": true
    },
    "cofh.thermal.expansion.client.gui.machine.MachineBrewerScreen": {
        "playerSideOnly": true
    },
    "cofh.thermal.expansion.client.gui.machine.MachineCrafterScreen": {
        "playerSideOnly": true
    },
    "cofh.thermal.expansion.client.gui.dynamo.DynamoStirlingScreen": {
        "playerSideOnly": true
    },
    "cofh.thermal.expansion.client.gui.dynamo.DynamoCompressionScreen": {
        "playerSideOnly": true
    },
    "cofh.thermal.expansion.client.gui.dynamo.DynamoNumismaticScreen": {
        "playerSideOnly": true
    },
    "cofh.thermal.expansion.client.gui.dynamo.DynamoMagmaticScreen": {
        "playerSideOnly": true
    },
    "cofh.thermal.expansion.client.gui.dynamo.DynamoLapidaryScreen": {
        "playerSideOnly": true
    },
    "cofh.thermal.expansion.client.gui.dynamo.DynamoDisenchantmentScreen": {
        "playerSideOnly": true
    },
    "cofh.thermal.expansion.client.gui.dynamo.DynamoGourmandScreen": {
        "playerSideOnly": true
    }
}